Components	Sub Genre	Genre	id	url
ABBEY ROAD 50S DRUMMER	ドラム＆パーカッション	サンプルインストゥルメント	1	
ABBEY ROAD 60S DRUMMER	ドラム＆パーカッション	サンプルインストゥルメント	2	
ABBEY ROAD 70S DRUMMER	ドラム＆パーカッション	サンプルインストゥルメント	3	
ABBEY ROAD 80S DRUMMER	ドラム＆パーカッション	サンプルインストゥルメント	4	
ABBEY ROAD MODERN DRUMMER	ドラム＆パーカッション	サンプルインストゥルメント	5	
ABBEY ROAD VINTAGE DRUMMER	ドラム＆パーカッション	サンプルインストゥルメント	6	
ABSYNTH 5		シンセサイザー	7	
ACTION STRIKES	シネマティック	サンプルインストゥルメント	8	
ACTION STRINGS	シネマティック	サンプルインストゥルメント	9	
ALICIA'S KEYS	アコースティックピアノ	サンプルインストゥルメント	10	
AMATI VIOLA	クラシカルインストゥルメント	サンプルインストゥルメント	11	
AMPLIFIED FUNK	Expansions	EXPANSIONS	12	
ANALOG DREAMS	Play Seriesインストゥルメント	サンプルインストゥルメント	13	
ANIMA ASCENT	Expansions	EXPANSIONS	14	
AQUARIUS EARTH	Expansions	EXPANSIONS	15	
ARCANE ATTIC	Expansions	EXPANSIONS	16	
ARKHIS	シネマティック	サンプルインストゥルメント	17	
ARTIST EXPANSION: DJ KHALIL	Expansions	EXPANSIONS	18	
ARTIST EXPANSION: SASHA	Expansions	EXPANSIONS	19	
ARTIST EXPANSION: THE STEREOTYPES	Expansions	EXPANSIONS	20	
ASTRAL FLUTTER	Expansions	EXPANSIONS	21	
BALINESE GAMELAN	ワールドインストゥルメント	サンプルインストゥルメント	22	
BASEMENT ERA	Expansions	EXPANSIONS	23	
BATTERY 4		クリエイティブサンプラー	24	
BLOCKS PRIMES		シンセサイザー	25	
BUTCH VIG DRUMS	Play Seriesインストゥルメント	サンプルインストゥルメント	26	
BYTE RIOT	Expansions	EXPANSIONS	27	
CARBON DECAY	Expansions	EXPANSIONS	28	
CARIBBEAN CURRENT	Expansions	EXPANSIONS	29	
CAVERN FLOOR	Expansions	EXPANSIONS	30	
CIRCUIT HALO	Expansions	EXPANSIONS	31	
CLOUD SUPPLY	Play Seriesインストゥルメント	サンプルインストゥルメント	32	
CONANT GARDENS	Expansions	EXPANSIONS	33	
CRUSH PACK - BITE	クリエイティブエフェクト	エフェクト	34	
CRUSH PACK - DIRT	クリエイティブエフェクト	エフェクト	35	
CRUSH PACK - FREAK	クリエイティブエフェクト	エフェクト	36	
CUBA	ワールドインストゥルメント	サンプルインストゥルメント	37	
DAMAGE	シネマティック	サンプルインストゥルメント	38	
DECODED FORMS	Expansions	EXPANSIONS	39	
DEEP MATTER	Expansions	EXPANSIONS	40	
DISTRICT XEO	Expansions	EXPANSIONS	41	
DRIVE	MASSIVE X Expansions	EXPANSIONS	42	
DRIVER	クリエイティブエフェクト	エフェクト	43	
DROP SQUAD	Expansions	EXPANSIONS	44	
DRUMLAB	ドラム＆パーカッション	サンプルインストゥルメント	45	
ELASTIC THUMP	Expansions	EXPANSIONS	46	
EMOTIVE STRINGS	シネマティック	サンプルインストゥルメント	47	
ENHANCED EQ	スタジオエフェクト	エフェクト	48	
ETHEREAL EARTH	Play Seriesインストゥルメント	サンプルインストゥルメント	49	
EVOLVE	シネマティック	サンプルインストゥルメント	50	
EVOLVE MUTATIONS	シネマティック	サンプルインストゥルメント	51	
EVOLVE MUTATIONS 2	シネマティック	サンプルインストゥルメント	52	
FADED REELS	Expansions	EXPANSIONS	53	
FLESH		クリエイティブサンプラー	54	
FM8		シンセサイザー	55	
FORM		シンセサイザー	56	
GEORGE DUKE SOUL TREASURES	エレクトロニックピアノ&オルガン	サンプルインストゥルメント	57	
GLOBAL SHAKE	Expansions	EXPANSIONS	58	
GOLDEN KINGDOM	Expansions	EXPANSIONS	59	
GREY FORGE	Expansions	EXPANSIONS	60	
GUARNERI VIOLIN	クラシカルインストゥルメント	サンプルインストゥルメント	61	
GUITAR RIG 5 PRO	クリエイティブエフェクト	エフェクト	62	
GUITAR RIG 6 PRO	クリエイティブエフェクト	エフェクト	63	
HALCYON SKY	Expansions	EXPANSIONS	64	
HEADLAND FLOW	Expansions	EXPANSIONS	65	
HEXAGON HIGHWAY	Expansions	EXPANSIONS	66	
HYBRID KEYS	Play Seriesインストゥルメント	サンプルインストゥルメント	67	
IGNITION CODE	Expansions	EXPANSIONS	68	
INDIA	ワールドインストゥルメント	サンプルインストゥルメント	69	
INDIGO DUST	Expansions	EXPANSIONS	70	
INFAMOUS FLOW	Expansions	EXPANSIONS	71	
INFINITE ESCAPE	Expansions	EXPANSIONS	72	
KINETIC METAL	シネマティック	サンプルインストゥルメント	73	
KINETIC TOYS	シネマティック	サンプルインストゥルメント	74	
KOMPLETE KONTROLソフトウェア		プラットフォーム	75	
KONTAKT 5		プラットフォーム	76	
KONTAKT 6		プラットフォーム	77	
KONTAKT 6 PLAYER		プラットフォーム	78	
KONTOUR		シンセサイザー	79	
LAZER DICE	Expansions	EXPANSIONS	80	
LILAC GLARE	Expansions	EXPANSIONS	81	
LO-FI GLOW	Play Seriesインストゥルメント	サンプルインストゥルメント	82	
LOCKDOWN GRIND	Expansions	EXPANSIONS	83	
LONDON GRIT	Expansions	EXPANSIONS	84	
LONE FOREST	Expansions	EXPANSIONS	85	
LUCID MISSION	Expansions	EXPANSIONS	86	
MAGNATE HUSTLE	Expansions	EXPANSIONS	87	
MAGNETIC COAST	Expansions	EXPANSIONS	88	
MALLET FLUX	シネマティック	サンプルインストゥルメント	89	
MARBLE RIMS	Expansions	EXPANSIONS	90	
MASCHINE DRUM SELECTION	ドラム＆パーカッション	サンプルインストゥルメント	91	
MASSIVE		シンセサイザー	92	
MASSIVE X		シンセサイザー	93	
MECHANIX	MASSIVE X Expansions	EXPANSIONS	94	
METEORIC RISE	Expansions	EXPANSIONS	95	
MIDDLE EAST	ワールドインストゥルメント	サンプルインストゥルメント	96	
MIDNIGHT SUNSET	Expansions	EXPANSIONS	97	
MOD PACK - CHORAL	クリエイティブエフェクト	エフェクト	98	
MOD PACK - FLAIR	クリエイティブエフェクト	エフェクト	99	
MOD PACK - PHASIS	クリエイティブエフェクト	エフェクト	100	
MODULAR ICONS	Play Seriesインストゥルメント	サンプルインストゥルメント	101	
MOEBIUS	MASSIVE X Expansions	EXPANSIONS	102	
MOLEKULAR	クリエイティブエフェクト	エフェクト	103	
MOLTEN VEIL	Expansions	EXPANSIONS	104	
MONARK		シンセサイザー	105	
MOTOR IMPACT	Expansions	EXPANSIONS	106	
MYSTERIA	シネマティック	サンプルインストゥルメント	107	
NEON DRIVE	Expansions	EXPANSIONS	108	
NOCTURNAL STATE	MASSIVE Expansions	EXPANSIONS	109	
NOIRE	アコースティックピアノ	サンプルインストゥルメント	110	
OPALINE DRIFT	Expansions	EXPANSIONS	111	
PASSIVE EQ	スタジオエフェクト	エフェクト	112	
PHARLIGHT	シネマティック	サンプルインストゥルメント	113	
PLATINUM BOUNCE	Expansions	EXPANSIONS	114	
POLAR FLARE	Expansions	EXPANSIONS	115	
POLYPLEX		クリエイティブサンプラー	116	
PRISMATIC BLISS	Expansions	EXPANSIONS	117	
PULSE	MASSIVE X Expansions	EXPANSIONS	118	
PULSWERK	Expansions	EXPANSIONS	119	
PURE DRIP	Expansions	EXPANSIONS	120	
QUEENSBRIDGE STORY	Expansions	EXPANSIONS	121	
RAUM	クリエイティブエフェクト	エフェクト	122	
RAW VOLTAGE	Expansions	EXPANSIONS	123	
RAZOR		シンセサイザー	124	
RC 24	クリエイティブエフェクト	エフェクト	125	
RC 48	クリエイティブエフェクト	エフェクト	126	
REAKTOR 6		プラットフォーム	127	
REAKTOR 6 PLAYER		プラットフォーム	128	
REAKTOR PRISM		シンセサイザー	129	
REAKTOR SPARK		シンセサイザー	130	
REPLIKA	クリエイティブエフェクト	エフェクト	131	
REPLIKA XT	クリエイティブエフェクト	エフェクト	132	
RETRO MACHINES MK2		シンセサイザー	133	
RISE & HIT	シネマティック	サンプルインストゥルメント	134	
RISING CRESCENT	Expansions	EXPANSIONS	135	
ROUNDS		シンセサイザー	136	
RUSH	MASSIVE X Expansions	EXPANSIONS	137	
SCARBEE A200	エレクトロニックピアノ&オルガン	サンプルインストゥルメント	138	
SCARBEE CLAVINET/PIANET	エレクトロニックピアノ&オルガン	サンプルインストゥルメント	139	
SCARBEE FUNK GUITARIST	アコースティック&エレクトリックギター	サンプルインストゥルメント	140	
SCARBEE JAY-BASS	エレクトリックベース	サンプルインストゥルメント	141	
SCARBEE MARK I	エレクトロニックピアノ&オルガン	サンプルインストゥルメント	142	
SCARBEE MM BASS	エレクトリックベース	サンプルインストゥルメント	143	
SCARBEE MM-BASS AMPED	エレクトリックベース	サンプルインストゥルメント	144	
SCARBEE PRE-BASS	エレクトリックベース	サンプルインストゥルメント	145	
SCARBEE PRE-BASS AMPED	エレクトリックベース	サンプルインストゥルメント	146	
SCARBEE RICKENBACKER BASS	エレクトリックベース	サンプルインストゥルメント	147	
SCENE	MASSIVE X Expansions	EXPANSIONS	148	
SESSION GUITARIST - ELECTRIC SUNBURST	アコースティック&エレクトリックギター	サンプルインストゥルメント	149	
SESSION GUITARIST - ELECTRIC SUNBURST DELUXE	アコースティック&エレクトリックギター	サンプルインストゥルメント	150	
SESSION GUITARIST - PICKED ACOUSTIC	アコースティック&エレクトリックギター	サンプルインストゥルメント	151	
SESSION GUITARIST - STRUMMED ACOUSTIC	アコースティック&エレクトリックギター	サンプルインストゥルメント	152	
SESSION GUITARIST STRUMMED ACOUSTIC 2	アコースティック&エレクトリックギター	サンプルインストゥルメント	153	
SESSION HORNS	コンテンポラリーストリング&ホーン	サンプルインストゥルメント	154	
SESSION HORNS PRO	コンテンポラリーストリング&ホーン	サンプルインストゥルメント	155	
SESSION STRINGS 2	コンテンポラリーストリング&ホーン	サンプルインストゥルメント	156	
SESSION STRINGS PRO 2	コンテンポラリーストリング&ホーン	サンプルインストゥルメント	157	
SIERRA GROVE	Expansions	EXPANSIONS	158	
SKANNER XT		シンセサイザー	159	
SOLAR BREEZE	Expansions	EXPANSIONS	160	
SOLID BUS COMP	スタジオエフェクト	エフェクト	161	
SOLID DYNAMICS	スタジオエフェクト	エフェクト	162	
SOLID EQ	スタジオエフェクト	エフェクト	163	
SPECTRUM QUAKE	MASSIVE Expansions	EXPANSIONS	164	
STADIUM FLEX	MASSIVE Expansions	EXPANSIONS	165	
STATIC FRICTION	Expansions	EXPANSIONS	166	
STRADIVARI CELLO	クラシカルインストゥルメント	サンプルインストゥルメント	167	
STRADIVARI VIOLIN	クラシカルインストゥルメント	サンプルインストゥルメント	168	
STRAYLIGHT	シネマティック	サンプルインストゥルメント	169	
STREET SWARM	Expansions	EXPANSIONS	170	
STUDIO DRUMMER	ドラム＆パーカッション	サンプルインストゥルメント	171	
SUPER 8		シンセサイザー	172	
SUPERCHARGER	スタジオエフェクト	エフェクト	173	
SUPERCHARGER GT	スタジオエフェクト	エフェクト	174	
SYMPHONY ESSENTIALS - BRASS SOLO	クラシカルインストゥルメント	サンプルインストゥルメント	175	
SYMPHONY ESSENTIALS - PERCUSSION	クラシカルインストゥルメント	サンプルインストゥルメント	176	
SYMPHONY ESSENTIALS - STRING ENSEMBLE	クラシカルインストゥルメント	サンプルインストゥルメント	177	
SYMPHONY ESSENTIALS BRASS ENSEMBLE	クラシカルインストゥルメント	サンプルインストゥルメント	178	
SYMPHONY ESSENTIALS WOODWIND ENSEMBLE	クラシカルインストゥルメント	サンプルインストゥルメント	179	
SYMPHONY ESSENTIALS WOODWIND SOLO	クラシカルインストゥルメント	サンプルインストゥルメント	180	
SYMPHONY SERIES - BRASS ENSEMBLE	クラシカルインストゥルメント	サンプルインストゥルメント	181	
SYMPHONY SERIES - BRASS SOLO	クラシカルインストゥルメント	サンプルインストゥルメント	182	
SYMPHONY SERIES - STRING ENSEMBLE	クラシカルインストゥルメント	サンプルインストゥルメント	183	
SYMPHONY SERIES - PERCUSSION	クラシカルインストゥルメント	サンプルインストゥルメント	184	
SYMPHONY SERIES - WOODWIND ENSEMBLE	クラシカルインストゥルメント	サンプルインストゥルメント	185	
SYMPHONY SERIES - WOODWIND SOLO	クラシカルインストゥルメント	サンプルインストゥルメント	186	
THE FINGER	クリエイティブエフェクト	エフェクト	187	
THE GENTLEMAN	アコースティックピアノ	サンプルインストゥルメント	188	
THE GIANT	アコースティックピアノ	サンプルインストゥルメント	189	
THE GRANDEUR	アコースティックピアノ	サンプルインストゥルメント	190	
THE MAVERICK	アコースティックピアノ	サンプルインストゥルメント	191	
THE MOUTH	クリエイティブエフェクト	エフェクト	192	
THRILL	シネマティック	サンプルインストゥルメント	193	
TIMELESS GLOW	Expansions	EXPANSIONS	194	
TRANSIENT MASTER	スタジオエフェクト	エフェクト	195	
TRANSISTOR PUNCH	Expansions	EXPANSIONS	196	
TRK-01		シンセサイザー	197	
TRUE SCHOOL	Expansions	EXPANSIONS	198	
UNA CORDA	アコースティックピアノ	サンプルインストゥルメント	199	
VARI COMP	スタジオエフェクト	エフェクト	200	
VC 160	スタジオエフェクト	エフェクト	201	
VC 2A	スタジオエフェクト	エフェクト	202	
VC 76	スタジオエフェクト	エフェクト	203	
VELVET LOUNGE	Expansions	EXPANSIONS	204	
VINTAGE HEAT	Expansions	EXPANSIONS	205	
VINTAGE ORGANS	エレクトロニックピアノ&オルガン	サンプルインストゥルメント	206	
WARPED SYMMETRY	Expansions	EXPANSIONS	207	
WEST AFRICA	ワールドインストゥルメント	サンプルインストゥルメント	208	
REAKTOR 5		プラットフォーム	209	
RAMMFIRE	クリエイティブエフェクト	エフェクト	210	
BATTERY 3		クリエイティブサンプラー	211	
TRAKTOR'S 12	クリエイティブエフェクト	エフェクト	212	
REFLEKTOR	クリエイティブエフェクト	エフェクト	213	
NEW YORK CONCERT GRAND	アコースティックピアノ	サンプルインストゥルメント	214	
VIENNA CONCERT GRAND	アコースティックピアノ	サンプルインストゥルメント	215	
BERLIN CONCERT GRAND	アコースティックピアノ	サンプルインストゥルメント	216	
UPRIGHT PIANO	アコースティックピアノ	サンプルインストゥルメント	217	
SCARBEE A-200	エレクトロニックピアノ&オルガン	サンプルインストゥルメント	218	
SESSION STRINGS	コンテンポラリーストリング&ホーン	サンプルインストゥルメント	219	
SESSION STRINGS PRO	コンテンポラリーストリング&ホーン	サンプルインストゥルメント	220	
SCARBEE AMPED	エレクトリックベース	サンプルインストゥルメント	221	
DISCOVERY SERIES CUBA	ワールドインストゥルメント	サンプルインストゥルメント	222	
DISCOVERY SERIES: MIDDLE EAST	ワールドインストゥルメント	サンプルインストゥルメント	223	
DISCOVERY SERIES: INDIA	ワールドインストゥルメント	サンプルインストゥルメント	224	
DISCOVERY SERIES: WEST AFRICA	ワールドインストゥルメント	サンプルインストゥルメント	225	
REAKTOR 6 (+ REAKTOR BLOCKS)		プラットフォーム	226	
MOD PACK - DIRT	クリエイティブエフェクト	エフェクト	227	
MOD PACK - BITE	クリエイティブエフェクト	エフェクト	228	
MOD PACK - FREAK	クリエイティブエフェクト	エフェクト	229	
KONTAKT 7 PLAYER		プラットフォーム	230	
SOUL SESSIONS	Play Seriesインストゥルメント	サンプルインストゥルメント	231	
BACKYARD JAMS	Expansions	EXPANSIONS	232	
MOTHER BOARD	Expansions	EXPANSIONS	233	
NEO BOOGIE	Expansions	EXPANSIONS	234	
OZONE 10 STANDARD	Mastering Effects	エフェクト	235	
KONTAKT 7		プラットフォーム	236	
BX_OBERHAUSEN		シンセサイザー	237	
PLAYBOX		シンセサイザー	238	
40s VERY OWN DRUMS	Play Seriesインストゥルメント	サンプルインストゥルメント	239	
40s VERY OWN KEYS	Play Seriesインストゥルメント	サンプルインストゥルメント	240	
DEFT LINES	Play Seriesインストゥルメント	サンプルインストゥルメント	241	
EMPIRE BREAKS	Play Seriesインストゥルメント	サンプルインストゥルメント	242	
GLAZE	Play Seriesインストゥルメント	サンプルインストゥルメント	243	
IGNITION KEYS	Play Seriesインストゥルメント	サンプルインストゥルメント	244	
MELTED VIBES	Play Seriesインストゥルメント	サンプルインストゥルメント	245	
STACKS	Play Seriesインストゥルメント	サンプルインストゥルメント	246	
SESSION BASSIST - PRIME BASS	エレクトリックベース	サンプルインストゥルメント	247	
SESSION GUITARIST - ELECTRIC MINT	アコースティック&エレクトリックギター	サンプルインストゥルメント	248	
BX_CRISPYTUNER	クリエイティブエフェクト	エフェクト	249	
LO-FI-AF	クリエイティブエフェクト	エフェクト	250	
BODY MECHANIK	Expansions	EXPANSIONS	251	
BUMPIN FLAVA	Expansions	EXPANSIONS	252	
BEAM	MASSIVE X Expansions	EXPANSIONS	253	
BOUNCE	MASSIVE X Expansions	EXPANSIONS	254	
BUMP	MASSIVE X Expansions	EXPANSIONS	255	
CHARGE	MASSIVE X Expansions	EXPANSIONS	256	
FADE	MASSIVE X Expansions	EXPANSIONS	257	
HAZE	MASSIVE X Expansions	EXPANSIONS	258	
KINO	MASSIVE X Expansions	EXPANSIONS	259	
OUR HOUSE	MASSIVE X Expansions	EXPANSIONS	260	
QUEST	MASSIVE X Expansions	EXPANSIONS	261	
WAKE	MASSIVE X Expansions	EXPANSIONS	262	
PIANO COLORS	アコースティックピアノ	サンプルインストゥルメント	263	
SESSION GUITARIST - ELECTRIC VINTAGE	アコースティック&エレクトリックギター	サンプルインストゥルメント	264	
SESSION GUITARIST - PICKED NYLON	アコースティック&エレクトリックギター	サンプルインストゥルメント	265	
Spotlight Collections: CUBA	Spotlight Collections	サンプルインストゥルメント	266	
Spotlight Collections: EAST ASIA	Spotlight Collections	サンプルインストゥルメント	267	
Spotlight Collections: INDIA	Spotlight Collections	サンプルインストゥルメント	268	
Spotlight Collections: MIDDLE EAST	Spotlight Collections	サンプルインストゥルメント	269	
Spotlight Collections: WEST AFRICA	Spotlight Collections	サンプルインストゥルメント	270	
Spotlight Collections: BALINESE GAMELAN	Spotlight Collections	サンプルインストゥルメント	271	
ACTION STRINGS 2	シネマティック	サンプルインストゥルメント	272	
ASHLIGHT	シネマティック	サンプルインストゥルメント	273	
SEQUIS	シネマティック	サンプルインストゥルメント	274	
BX_CONSOLE N	スタジオエフェクト	エフェクト	275	
BX_LIMITER TRUE PEAK	スタジオエフェクト	エフェクト	276	
FREE FORM	Expansions	EXPANSIONS	277	
KNIFONIUM		シンセサイザー	278	
LIQUID ENERGY	Expansions	EXPANSIONS	279	
RHYTHM SOURCE	Expansions	EXPANSIONS	280	
SOUL MAGIC	Expansions	EXPANSIONS	281	
CHOIR: OMNIA	クラシカルインストゥルメント	サンプルインストゥルメント	282	
BX_CONSOLE	スタジオエフェクト	エフェクト	283	
FOCUSRITE SC	スタジオエフェクト	エフェクト	284	
BURNT HUES	Expansions	EXPANSIONS	285	
CERTIFIED GOLD	Expansions	EXPANSIONS	286	
CONCRETE SUN	Expansions	EXPANSIONS	287	
CRATE CUTS	Expansions	EXPANSIONS	288	
ELECTRIC TOUCH	Expansions	EXPANSIONS	289	
LUNAR ECHOES	Expansions	EXPANSIONS	290	
SACRED FUTURES	Expansions	EXPANSIONS	291	
SATIN LOOKS	Expansions	EXPANSIONS	292	
SYSTEM CLASH	Expansions	EXPANSIONS	293	
TRILL RAYS	Expansions	EXPANSIONS	294	
YOUNG PHANTOM	Expansions	EXPANSIONS	295	
LORES	シネマティック	サンプルインストゥルメント	296	
			297	
			298	
			299	
			300	
			301	
			302	
			303	
			304	
			305	
			306	
			307	
			308	
			309	
			310	
			311	
			312	
			313	
			314	
			315	
			316	
			317	
			318	
			319	
			320	
			321	
			322	
			323	
			324	
			325	
			326	
			327	
			328	
			329	
			330	
			331	
			332	
			333	
			334	
			335	
			336	
			337	
			338	
			339	
			340	
			341	
			342	
			343	
			344	
			345	
			346	
			347	
			348	
			349	
			350	
			351	
			352	
			353	
			354	
			355	
			356	
			357	
			358	
			359	
			360	
			361	
			362	
			363	
			364	
			365	
			366	
			367	
			368	
			369	
			370	
			371	
			372	
			373	
			374	
			375	
			376	
			377	
			378	
			379	
			380	
			381	
			382	
			383	
			384	
			385	
			386	
			387	
			388	
			389	
			390	
			391	
			392	
			393	
			394	
			395	
			396	
			397	
			398	
			399	
			400	
			401	
			402	
			403	
			404	
			405	
			406	
			407	
			408	
			409	
			410	
			411	
			412	
			413	
			414	
			415	
			416	
			417	
			418	
			419	
			420	
			421	
			422	
			423	
			424	
			425	
			426	
			427	
			428	
			429	
			430	
			431	
			432	
			433	
			434	
			435	
			436	
			437	
			438	
			439	
			440	
			441	
			442	
			443	
			444	
			445	
			446	
			447	
			448	
			449	
			450	
			451	
			452	
			453	
			454	
			455	
			456	
			457	
			458	
			459	
			460	
			461	
			462	
			463	
			464	
			465	
			466	
			467	
			468	
			469	
			470	
			471	
			472	
			473	
			474	
			475	
			476	
			477	
			478	
			479	
			480	
			481	
			482	
			483	
			484	
			485	
			486	
			487	
			488	
			489	
			490	
			491	
			492	
			493	
			494	
			495	
			496	
			497	
			498	
			499	
			500	
			501	
			502	
			503	
			504	
			505	
			506	
			507	
			508	
			509	
			510	
			511	
			512	
			513	
			514	
			515	
			516	
			517	
			518	
			519	
			520	
			521	
			522	
			523	
			524	
			525	
			526	
			527	
			528	
			529	
			530	
			531	
			532	
			533	
			534	
			535	
			536	
			537	
			538	
			539	
			540	
			541	
			542	
			543	
			544	
			545	
			546	
			547	
			548	
			549	
			550	
			551	
			552	
			553	
			554	
			555	
			556	
			557	
			558	
			559	
			560	
			561	
			562	
			563	
			564	
			565	
			566	
			567	
			568	
			569	
			570	
			571	
			572	
			573	
			574	
			575	
			576	
			577	
			578	
			579	
			580	
			581	
			582	
			583	
			584	
			585	
			586	
			587	
			588	
			589	
			590	
			591	
			592	
			593	
			594	
			595	
			596	
			597	
			598	
			599	
			600	
			601	
			602	
			603	
			604	
			605	
			606	
			607	
			608	
			609	
			610	
			611	
			612	
			613	
			614	
			615	
			616	
			617	
			618	
			619	
			620	
			621	
			622	
			623	
			624	
			625	
			626	
			627	
			628	
			629	
			630	
			631	
			632	
			633	
			634	
			635	
			636	
			637	
			638	
			639	
			640	
			641	
			642	
			643	
			644	
			645	
			646	
			647	
			648	
			649	
			650	
			651	
			652	
			653	
			654	
			655	
			656	
			657	
			658	
			659	
			660	
			661	
			662	
			663	
			664	
			665	
			666	
			667	
			668	
			669	
			670	
			671	
			672	
			673	
			674	
			675	
			676	
			677	
			678	
			679	
			680	
			681	
			682	
			683	
			684	
			685	
			686	
			687	
			688	
			689	
			690	
			691	
			692	
			693	
			694	
			695	
			696	
			697	
			698	
			699	
			700	
			701	
			702	
			703	
			704	
			705	
			706	
			707	
			708	
			709	
			710	
			711	
			712	
			713	
			714	
			715	
			716	
			717	
			718	
			719	
			720	
			721	
			722	
			723	
			724	
			725	
			726	
			727	
			728	
			729	
			730	
			731	
			732	
			733	
			734	
			735	
			736	
			737	
			738	
			739	
			740	
			741	
			742	
			743	
			744	
			745	
			746	
			747	
			748	
			749	