Version	Grade	Origin Text	Component	Edited	id	Sub Genre	Genre
13	ULTIMATE Collector's Edition		KOMPLETE KONTROLソフトウェア	TRUE	75		プラットフォーム
13	ULTIMATE Collector's Edition		REAKTOR 6	TRUE	127		プラットフォーム
13	ULTIMATE Collector's Edition		KONTAKT 6	TRUE	77		プラットフォーム
13	ULTIMATE Collector's Edition		MASSIVE	TRUE	92		シンセサイザー
13	ULTIMATE Collector's Edition		MONARK	TRUE	105		シンセサイザー
13	ULTIMATE Collector's Edition		RETRO MACHINES MK2	TRUE	133		シンセサイザー
13	ULTIMATE Collector's Edition		REAKTOR PRISM	TRUE	129		シンセサイザー
13	ULTIMATE Collector's Edition		REAKTOR SPARK	TRUE	130		シンセサイザー
13	ULTIMATE Collector's Edition		BLOCKS PRIMES	TRUE	25		シンセサイザー
13	ULTIMATE Collector's Edition		MASSIVE X	TRUE	93		シンセサイザー
13	ULTIMATE Collector's Edition		SUPER 8	TRUE	172		シンセサイザー
13	ULTIMATE Collector's Edition		TRK-01	TRUE	197		シンセサイザー
13	ULTIMATE Collector's Edition		FORM	TRUE	56		シンセサイザー
13	ULTIMATE Collector's Edition		ROUNDS	TRUE	136		シンセサイザー
13	ULTIMATE Collector's Edition		KONTOUR	TRUE	79		シンセサイザー
13	ULTIMATE Collector's Edition		ABSYNTH 5	TRUE	7		シンセサイザー
13	ULTIMATE Collector's Edition		FM8	TRUE	55		シンセサイザー
13	ULTIMATE Collector's Edition		RAZOR	TRUE	124		シンセサイザー
13	ULTIMATE Collector's Edition		SKANNER XT	TRUE	159		シンセサイザー
13	ULTIMATE Collector's Edition		POLYPLEX	TRUE	116		クリエイティブサンプラー
13	ULTIMATE Collector's Edition		BATTERY 4	TRUE	24		クリエイティブサンプラー
13	ULTIMATE Collector's Edition		FLESH	TRUE	54		クリエイティブサンプラー
13	ULTIMATE Collector's Edition		ETHEREAL EARTH	TRUE	49	Play Seriesインストゥルメント	サンプルインストゥルメント
13	ULTIMATE Collector's Edition		HYBRID KEYS	TRUE	67	Play Seriesインストゥルメント	サンプルインストゥルメント
13	ULTIMATE Collector's Edition		LO-FI GLOW	TRUE	82	Play Seriesインストゥルメント	サンプルインストゥルメント
13	ULTIMATE Collector's Edition		CLOUD SUPPLY	TRUE	32	Play Seriesインストゥルメント	サンプルインストゥルメント
13	ULTIMATE Collector's Edition		MODULAR ICONS	TRUE	101	Play Seriesインストゥルメント	サンプルインストゥルメント
13	ULTIMATE Collector's Edition		ANALOG DREAMS	TRUE	13	Play Seriesインストゥルメント	サンプルインストゥルメント
13	ULTIMATE Collector's Edition		BUTCH VIG DRUMS	TRUE	26	Play Seriesインストゥルメント	サンプルインストゥルメント
13	ULTIMATE Collector's Edition		THE GENTLEMAN	TRUE	188	アコースティックピアノ	サンプルインストゥルメント
13	ULTIMATE Collector's Edition		THE GRANDEUR	TRUE	190	アコースティックピアノ	サンプルインストゥルメント
13	ULTIMATE Collector's Edition		THE MAVERICK	TRUE	191	アコースティックピアノ	サンプルインストゥルメント
13	ULTIMATE Collector's Edition		THE GIANT	TRUE	189	アコースティックピアノ	サンプルインストゥルメント
13	ULTIMATE Collector's Edition		NOIRE	TRUE	110	アコースティックピアノ	サンプルインストゥルメント
13	ULTIMATE Collector's Edition		UNA CORDA	TRUE	199	アコースティックピアノ	サンプルインストゥルメント
13	ULTIMATE Collector's Edition		ALICIA'S KEYS	TRUE	10	アコースティックピアノ	サンプルインストゥルメント
13	ULTIMATE Collector's Edition		DRUMLAB	TRUE	45	ドラム＆パーカッション	サンプルインストゥルメント
13	ULTIMATE Collector's Edition		ABBEY ROAD 60S DRUMMER	TRUE	2	ドラム＆パーカッション	サンプルインストゥルメント
13	ULTIMATE Collector's Edition		STUDIO DRUMMER	TRUE	171	ドラム＆パーカッション	サンプルインストゥルメント
13	ULTIMATE Collector's Edition		ABBEY ROAD 50S DRUMMER	TRUE	1	ドラム＆パーカッション	サンプルインストゥルメント
13	ULTIMATE Collector's Edition		ABBEY ROAD VINTAGE DRUMMER	TRUE	6	ドラム＆パーカッション	サンプルインストゥルメント
13	ULTIMATE Collector's Edition		ABBEY ROAD 70S DRUMMER	TRUE	3	ドラム＆パーカッション	サンプルインストゥルメント
13	ULTIMATE Collector's Edition		ABBEY ROAD 80S DRUMMER	TRUE	4	ドラム＆パーカッション	サンプルインストゥルメント
13	ULTIMATE Collector's Edition		ABBEY ROAD MODERN DRUMMER	TRUE	5	ドラム＆パーカッション	サンプルインストゥルメント
13	ULTIMATE Collector's Edition		MASCHINE DRUM SELECTION	TRUE	91	ドラム＆パーカッション	サンプルインストゥルメント
13	ULTIMATE Collector's Edition		WEST AFRICA	TRUE	208	ワールドインストゥルメント	サンプルインストゥルメント
13	ULTIMATE Collector's Edition		MIDDLE EAST	TRUE	96	ワールドインストゥルメント	サンプルインストゥルメント
13	ULTIMATE Collector's Edition		INDIA	TRUE	69	ワールドインストゥルメント	サンプルインストゥルメント
13	ULTIMATE Collector's Edition		CUBA	TRUE	37	ワールドインストゥルメント	サンプルインストゥルメント
13	ULTIMATE Collector's Edition		BALINESE GAMELAN	TRUE	22	ワールドインストゥルメント	サンプルインストゥルメント
13	ULTIMATE Collector's Edition		VINTAGE ORGANS	TRUE	206	エレクトロニックピアノ&オルガン	サンプルインストゥルメント
13	ULTIMATE Collector's Edition		SCARBEE MARK I	TRUE	142	エレクトロニックピアノ&オルガン	サンプルインストゥルメント
13	ULTIMATE Collector's Edition		SCARBEE A200	TRUE	138	エレクトロニックピアノ&オルガン	サンプルインストゥルメント
13	ULTIMATE Collector's Edition		SCARBEE CLAVINET/PIANET	TRUE	139	エレクトロニックピアノ&オルガン	サンプルインストゥルメント
13	ULTIMATE Collector's Edition		GEORGE DUKE SOUL TREASURES	TRUE	57	エレクトロニックピアノ&オルガン	サンプルインストゥルメント
13	ULTIMATE Collector's Edition		SESSION GUITARIST - ELECTRIC SUNBURST DELUXE	TRUE	150	アコースティック&エレクトリックギター	サンプルインストゥルメント
13	ULTIMATE Collector's Edition		SESSION GUITARIST - STRUMMED ACOUSTIC	TRUE	152	アコースティック&エレクトリックギター	サンプルインストゥルメント
13	ULTIMATE Collector's Edition		SESSION GUITARIST STRUMMED ACOUSTIC 2	TRUE	153	アコースティック&エレクトリックギター	サンプルインストゥルメント
13	ULTIMATE Collector's Edition		SESSION GUITARIST - PICKED ACOUSTIC	TRUE	151	アコースティック&エレクトリックギター	サンプルインストゥルメント
13	ULTIMATE Collector's Edition		SCARBEE FUNK GUITARIST	TRUE	140	アコースティック&エレクトリックギター	サンプルインストゥルメント
13	ULTIMATE Collector's Edition		SCARBEE RICKENBACKER BASS	TRUE	147	エレクトリックベース	サンプルインストゥルメント
13	ULTIMATE Collector's Edition		SCARBEE MM BASS	TRUE	143	エレクトリックベース	サンプルインストゥルメント
13	ULTIMATE Collector's Edition		SCARBEE PRE-BASS	TRUE	145	エレクトリックベース	サンプルインストゥルメント
13	ULTIMATE Collector's Edition		SCARBEE PRE-BASS AMPED	TRUE	146	エレクトリックベース	サンプルインストゥルメント
13	ULTIMATE Collector's Edition		SCARBEE JAY-BASS	TRUE	141	エレクトリックベース	サンプルインストゥルメント
13	ULTIMATE Collector's Edition		SCARBEE MM-BASS AMPED	TRUE	144	エレクトリックベース	サンプルインストゥルメント
13	ULTIMATE Collector's Edition		SESSION STRINGS PRO 2	TRUE	157	コンテンポラリーストリング&ホーン	サンプルインストゥルメント
13	ULTIMATE Collector's Edition		SESSION HORNS PRO	TRUE	155	コンテンポラリーストリング&ホーン	サンプルインストゥルメント
13	ULTIMATE Collector's Edition		SYMPHONY SERIES - PERCUSSION	TRUE	184	クラシカルインストゥルメント	サンプルインストゥルメント
13	ULTIMATE Collector's Edition		SYMPHONY SERIES - WOODWIND SOLO	TRUE	186	クラシカルインストゥルメント	サンプルインストゥルメント
13	ULTIMATE Collector's Edition		SYMPHONY SERIES - WOODWIND ENSEMBLE	TRUE	185	クラシカルインストゥルメント	サンプルインストゥルメント
13	ULTIMATE Collector's Edition		SYMPHONY SERIES - BRASS SOLO	TRUE	182	クラシカルインストゥルメント	サンプルインストゥルメント
13	ULTIMATE Collector's Edition		SYMPHONY SERIES - BRASS ENSEMBLE	TRUE	181	クラシカルインストゥルメント	サンプルインストゥルメント
13	ULTIMATE Collector's Edition		SYMPHONY SERIES - STRING ENSEMBLE	TRUE	183	クラシカルインストゥルメント	サンプルインストゥルメント
13	ULTIMATE Collector's Edition		STRADIVARI VIOLIN	TRUE	168	クラシカルインストゥルメント	サンプルインストゥルメント
13	ULTIMATE Collector's Edition		AMATI VIOLA	TRUE	11	クラシカルインストゥルメント	サンプルインストゥルメント
13	ULTIMATE Collector's Edition		GUARNERI VIOLIN	TRUE	61	クラシカルインストゥルメント	サンプルインストゥルメント
13	ULTIMATE Collector's Edition		STRADIVARI CELLO	TRUE	167	クラシカルインストゥルメント	サンプルインストゥルメント
13	ULTIMATE Collector's Edition		KINETIC METAL	TRUE	73	シネマティック	サンプルインストゥルメント
13	ULTIMATE Collector's Edition		STRAYLIGHT	TRUE	169	シネマティック	サンプルインストゥルメント
13	ULTIMATE Collector's Edition		PHARLIGHT	TRUE	113	シネマティック	サンプルインストゥルメント
13	ULTIMATE Collector's Edition		THRILL	TRUE	193	シネマティック	サンプルインストゥルメント
13	ULTIMATE Collector's Edition		MYSTERIA	TRUE	107	シネマティック	サンプルインストゥルメント
13	ULTIMATE Collector's Edition		KINETIC TOYS	TRUE	74	シネマティック	サンプルインストゥルメント
13	ULTIMATE Collector's Edition		EMOTIVE STRINGS	TRUE	47	シネマティック	サンプルインストゥルメント
13	ULTIMATE Collector's Edition		DAMAGE	TRUE	38	シネマティック	サンプルインストゥルメント
13	ULTIMATE Collector's Edition		ACTION STRIKES	TRUE	8	シネマティック	サンプルインストゥルメント
13	ULTIMATE Collector's Edition		RISE & HIT	TRUE	134	シネマティック	サンプルインストゥルメント
13	ULTIMATE Collector's Edition		ACTION STRINGS	TRUE	9	シネマティック	サンプルインストゥルメント
13	ULTIMATE Collector's Edition		EVOLVE	TRUE	50	シネマティック	サンプルインストゥルメント
13	ULTIMATE Collector's Edition		EVOLVE MUTATIONS	TRUE	51	シネマティック	サンプルインストゥルメント
13	ULTIMATE Collector's Edition		EVOLVE MUTATIONS 2	TRUE	52	シネマティック	サンプルインストゥルメント
13	ULTIMATE Collector's Edition		MALLET FLUX	TRUE	89	シネマティック	サンプルインストゥルメント
13	ULTIMATE Collector's Edition		ARKHIS	TRUE	17	シネマティック	サンプルインストゥルメント
13	ULTIMATE Collector's Edition		SOLID BUS COMP	TRUE	161	スタジオエフェクト	エフェクト
13	ULTIMATE Collector's Edition		SOLID EQ	TRUE	163	スタジオエフェクト	エフェクト
13	ULTIMATE Collector's Edition		SOLID DYNAMICS	TRUE	162	スタジオエフェクト	エフェクト
13	ULTIMATE Collector's Edition		SUPERCHARGER GT	TRUE	174	スタジオエフェクト	エフェクト
13	ULTIMATE Collector's Edition		TRANSIENT MASTER	TRUE	195	スタジオエフェクト	エフェクト
13	ULTIMATE Collector's Edition		VARI COMP	TRUE	200	スタジオエフェクト	エフェクト
13	ULTIMATE Collector's Edition		ENHANCED EQ	TRUE	48	スタジオエフェクト	エフェクト
13	ULTIMATE Collector's Edition		PASSIVE EQ	TRUE	112	スタジオエフェクト	エフェクト
13	ULTIMATE Collector's Edition		VC 76	TRUE	203	スタジオエフェクト	エフェクト
13	ULTIMATE Collector's Edition		VC 2A	TRUE	202	スタジオエフェクト	エフェクト
13	ULTIMATE Collector's Edition		VC 160	TRUE	201	スタジオエフェクト	エフェクト
13	ULTIMATE Collector's Edition		RAUM	TRUE	122	クリエイティブエフェクト	エフェクト
13	ULTIMATE Collector's Edition		REPLIKA XT	TRUE	132	クリエイティブエフェクト	エフェクト
13	ULTIMATE Collector's Edition		MOD PACK - PHASIS	TRUE	100	クリエイティブエフェクト	エフェクト
13	ULTIMATE Collector's Edition		MOD PACK - CHORAL	TRUE	98	クリエイティブエフェクト	エフェクト
13	ULTIMATE Collector's Edition		MOD PACK - FLAIR	TRUE	99	クリエイティブエフェクト	エフェクト
13	ULTIMATE Collector's Edition		CRUSH PACK - DIRT	TRUE	35	クリエイティブエフェクト	エフェクト
13	ULTIMATE Collector's Edition		CRUSH PACK - FREAK	TRUE	36	クリエイティブエフェクト	エフェクト
13	ULTIMATE Collector's Edition		CRUSH PACK - BITE	TRUE	34	クリエイティブエフェクト	エフェクト
13	ULTIMATE Collector's Edition		GUITAR RIG 6 PRO	TRUE	63	クリエイティブエフェクト	エフェクト
13	ULTIMATE Collector's Edition		DRIVER	TRUE	43	クリエイティブエフェクト	エフェクト
13	ULTIMATE Collector's Edition		THE FINGER	TRUE	187	クリエイティブエフェクト	エフェクト
13	ULTIMATE Collector's Edition		THE MOUTH	TRUE	192	クリエイティブエフェクト	エフェクト
13	ULTIMATE Collector's Edition		MOLEKULAR	TRUE	103	クリエイティブエフェクト	エフェクト
13	ULTIMATE Collector's Edition		RC 48	TRUE	126	クリエイティブエフェクト	エフェクト
13	ULTIMATE Collector's Edition		RC 24	TRUE	125	クリエイティブエフェクト	エフェクト
13	ULTIMATE Collector's Edition		TRUE SCHOOL	TRUE	198	Expansions	EXPANSIONS
13	ULTIMATE Collector's Edition		VELVET LOUNGE	TRUE	204	Expansions	EXPANSIONS
13	ULTIMATE Collector's Edition		DEEP MATTER	TRUE	40	Expansions	EXPANSIONS
13	ULTIMATE Collector's Edition		SOLAR BREEZE	TRUE	160	Expansions	EXPANSIONS
13	ULTIMATE Collector's Edition		LILAC GLARE	TRUE	81	Expansions	EXPANSIONS
13	ULTIMATE Collector's Edition		HALCYON SKY	TRUE	64	Expansions	EXPANSIONS
13	ULTIMATE Collector's Edition		LUCID MISSION	TRUE	86	Expansions	EXPANSIONS
13	ULTIMATE Collector's Edition		NEON DRIVE	TRUE	108	Expansions	EXPANSIONS
13	ULTIMATE Collector's Edition		QUEENSBRIDGE STORY	TRUE	121	Expansions	EXPANSIONS
13	ULTIMATE Collector's Edition		MOLTEN VEIL	TRUE	104	Expansions	EXPANSIONS
13	ULTIMATE Collector's Edition		ELASTIC THUMP	TRUE	46	Expansions	EXPANSIONS
13	ULTIMATE Collector's Edition		LONDON GRIT	TRUE	84	Expansions	EXPANSIONS
13	ULTIMATE Collector's Edition		DECODED FORMS	TRUE	39	Expansions	EXPANSIONS
13	ULTIMATE Collector's Edition		INDIGO DUST	TRUE	70	Expansions	EXPANSIONS
13	ULTIMATE Collector's Edition		RISING CRESCENT	TRUE	135	Expansions	EXPANSIONS
13	ULTIMATE Collector's Edition		GLOBAL SHAKE	TRUE	58	Expansions	EXPANSIONS
13	ULTIMATE Collector's Edition		DROP SQUAD	TRUE	44	Expansions	EXPANSIONS
13	ULTIMATE Collector's Edition		PLATINUM BOUNCE	TRUE	114	Expansions	EXPANSIONS
13	ULTIMATE Collector's Edition		LAZER DICE	TRUE	80	Expansions	EXPANSIONS
13	ULTIMATE Collector's Edition		MARBLE RIMS	TRUE	90	Expansions	EXPANSIONS
13	ULTIMATE Collector's Edition		CARIBBEAN CURRENT	TRUE	29	Expansions	EXPANSIONS
13	ULTIMATE Collector's Edition		ASTRAL FLUTTER	TRUE	21	Expansions	EXPANSIONS
13	ULTIMATE Collector's Edition		CAVERN FLOOR	TRUE	30	Expansions	EXPANSIONS
13	ULTIMATE Collector's Edition		GOLDEN KINGDOM	TRUE	59	Expansions	EXPANSIONS
13	ULTIMATE Collector's Edition		BYTE RIOT	TRUE	27	Expansions	EXPANSIONS
13	ULTIMATE Collector's Edition		DISTRICT XEO	TRUE	41	Expansions	EXPANSIONS
13	ULTIMATE Collector's Edition		MAGNETIC COAST	TRUE	88	Expansions	EXPANSIONS
13	ULTIMATE Collector's Edition		OPALINE DRIFT	TRUE	111	Expansions	EXPANSIONS
13	ULTIMATE Collector's Edition		WARPED SYMMETRY	TRUE	207	Expansions	EXPANSIONS
13	ULTIMATE Collector's Edition		PRISMATIC BLISS	TRUE	117	Expansions	EXPANSIONS
13	ULTIMATE Collector's Edition		MOTOR IMPACT	TRUE	106	Expansions	EXPANSIONS
13	ULTIMATE Collector's Edition		MAGNATE HUSTLE	TRUE	87	Expansions	EXPANSIONS
13	ULTIMATE Collector's Edition		LONE FOREST	TRUE	85	Expansions	EXPANSIONS
13	ULTIMATE Collector's Edition		CIRCUIT HALO	TRUE	31	Expansions	EXPANSIONS
13	ULTIMATE Collector's Edition		STREET SWARM	TRUE	170	Expansions	EXPANSIONS
13	ULTIMATE Collector's Edition		HEADLAND FLOW	TRUE	65	Expansions	EXPANSIONS
13	ULTIMATE Collector's Edition		SIERRA GROVE	TRUE	158	Expansions	EXPANSIONS
13	ULTIMATE Collector's Edition		TRANSISTOR PUNCH	TRUE	196	Expansions	EXPANSIONS
13	ULTIMATE Collector's Edition		GREY FORGE	TRUE	60	Expansions	EXPANSIONS
13	ULTIMATE Collector's Edition		ARCANE ATTIC	TRUE	16	Expansions	EXPANSIONS
13	ULTIMATE Collector's Edition		RAW VOLTAGE	TRUE	123	Expansions	EXPANSIONS
13	ULTIMATE Collector's Edition		VINTAGE HEAT	TRUE	205	Expansions	EXPANSIONS
13	ULTIMATE Collector's Edition		PULSWERK	TRUE	119	Expansions	EXPANSIONS
13	ULTIMATE Collector's Edition		HEXAGON HIGHWAY	TRUE	66	Expansions	EXPANSIONS
13	ULTIMATE Collector's Edition		STATIC FRICTION	TRUE	166	Expansions	EXPANSIONS
13	ULTIMATE Collector's Edition		CONANT GARDENS	TRUE	33	Expansions	EXPANSIONS
13	ULTIMATE Collector's Edition		AMPLIFIED FUNK	TRUE	12	Expansions	EXPANSIONS
13	ULTIMATE Collector's Edition		TIMELESS GLOW	TRUE	194	Expansions	EXPANSIONS
13	ULTIMATE Collector's Edition		METEORIC RISE	TRUE	95	Expansions	EXPANSIONS
13	ULTIMATE Collector's Edition		CARBON DECAY	TRUE	28	Expansions	EXPANSIONS
13	ULTIMATE Collector's Edition		INFAMOUS FLOW	TRUE	71	Expansions	EXPANSIONS
13	ULTIMATE Collector's Edition		POLAR FLARE	TRUE	115	Expansions	EXPANSIONS
13	ULTIMATE Collector's Edition		MIDNIGHT SUNSET	TRUE	97	Expansions	EXPANSIONS
13	ULTIMATE Collector's Edition		ANIMA ASCENT	TRUE	14	Expansions	EXPANSIONS
13	ULTIMATE Collector's Edition		AQUARIUS EARTH	TRUE	15	Expansions	EXPANSIONS
13	ULTIMATE Collector's Edition		BASEMENT ERA	TRUE	23	Expansions	EXPANSIONS
13	ULTIMATE Collector's Edition		FADED REELS	TRUE	53	Expansions	EXPANSIONS
13	ULTIMATE Collector's Edition		IGNITION CODE	TRUE	68	Expansions	EXPANSIONS
13	ULTIMATE Collector's Edition		INFINITE ESCAPE	TRUE	72	Expansions	EXPANSIONS
13	ULTIMATE Collector's Edition		LOCKDOWN GRIND	TRUE	83	Expansions	EXPANSIONS
13	ULTIMATE Collector's Edition		PURE DRIP	TRUE	120	Expansions	EXPANSIONS
13	ULTIMATE Collector's Edition		ARTIST EXPANSION: DJ KHALIL	TRUE	18	Expansions	EXPANSIONS
13	ULTIMATE Collector's Edition		ARTIST EXPANSION: SASHA	TRUE	19	Expansions	EXPANSIONS
13	ULTIMATE Collector's Edition		ARTIST EXPANSION: THE STEREOTYPES	TRUE	20	Expansions	EXPANSIONS
13	ULTIMATE Collector's Edition		NOCTURNAL STATE	TRUE	109	MASSIVE Expansions	EXPANSIONS
13	ULTIMATE Collector's Edition		SPECTRUM QUAKE	TRUE	164	MASSIVE Expansions	EXPANSIONS
13	ULTIMATE Collector's Edition		STADIUM FLEX	TRUE	165	MASSIVE Expansions	EXPANSIONS
13	ULTIMATE Collector's Edition		MECHANIX	TRUE	94	MASSIVE X Expansions	EXPANSIONS
13	ULTIMATE Collector's Edition		MOEBIUS	TRUE	102	MASSIVE X Expansions	EXPANSIONS
13	ULTIMATE Collector's Edition		PULSE	TRUE	118	MASSIVE X Expansions	EXPANSIONS
13	ULTIMATE Collector's Edition		RUSH	TRUE	137	MASSIVE X Expansions	EXPANSIONS
13	ULTIMATE Collector's Edition		SCENE	TRUE	148	MASSIVE X Expansions	EXPANSIONS
13	ULTIMATE Collector's Edition		DRIVE	TRUE	42	MASSIVE X Expansions	EXPANSIONS
				TRUE			
13	ULTIMATE		KOMPLETE KONTROLソフトウェア	TRUE	75		プラットフォーム
13	ULTIMATE		REAKTOR 6	TRUE	127		プラットフォーム
13	ULTIMATE		KONTAKT 6	TRUE	77		プラットフォーム
13	ULTIMATE		MASSIVE	TRUE	92		シンセサイザー
13	ULTIMATE		MONARK	TRUE	105		シンセサイザー
13	ULTIMATE		RETRO MACHINES MK2	TRUE	133		シンセサイザー
13	ULTIMATE		REAKTOR PRISM	TRUE	129		シンセサイザー
13	ULTIMATE		REAKTOR SPARK	TRUE	130		シンセサイザー
13	ULTIMATE		BLOCKS PRIMES	TRUE	25		シンセサイザー
13	ULTIMATE		MASSIVE X	TRUE	93		シンセサイザー
13	ULTIMATE		SUPER 8	TRUE	172		シンセサイザー
13	ULTIMATE		TRK-01	TRUE	197		シンセサイザー
13	ULTIMATE		FORM	TRUE	56		シンセサイザー
13	ULTIMATE		ROUNDS	TRUE	136		シンセサイザー
13	ULTIMATE		KONTOUR	TRUE	79		シンセサイザー
13	ULTIMATE		ABSYNTH 5	TRUE	7		シンセサイザー
13	ULTIMATE		FM8	TRUE	55		シンセサイザー
13	ULTIMATE		RAZOR	TRUE	124		シンセサイザー
13	ULTIMATE		SKANNER XT	TRUE	159		シンセサイザー
13	ULTIMATE		POLYPLEX	TRUE	116		クリエイティブサンプラー
13	ULTIMATE		BATTERY 4	TRUE	24		クリエイティブサンプラー
13	ULTIMATE		FLESH	TRUE	54		クリエイティブサンプラー
13	ULTIMATE		ETHEREAL EARTH	TRUE	49	Play Seriesインストゥルメント	サンプルインストゥルメント
13	ULTIMATE		HYBRID KEYS	TRUE	67	Play Seriesインストゥルメント	サンプルインストゥルメント
13	ULTIMATE		LO-FI GLOW	TRUE	82	Play Seriesインストゥルメント	サンプルインストゥルメント
13	ULTIMATE		CLOUD SUPPLY	TRUE	32	Play Seriesインストゥルメント	サンプルインストゥルメント
13	ULTIMATE		MODULAR ICONS	TRUE	101	Play Seriesインストゥルメント	サンプルインストゥルメント
13	ULTIMATE		ANALOG DREAMS	TRUE	13	Play Seriesインストゥルメント	サンプルインストゥルメント
13	ULTIMATE		BUTCH VIG DRUMS	TRUE	26	Play Seriesインストゥルメント	サンプルインストゥルメント
13	ULTIMATE		THE GENTLEMAN	TRUE	188	アコースティックピアノ	サンプルインストゥルメント
13	ULTIMATE		THE GRANDEUR	TRUE	190	アコースティックピアノ	サンプルインストゥルメント
13	ULTIMATE		THE MAVERICK	TRUE	191	アコースティックピアノ	サンプルインストゥルメント
13	ULTIMATE		THE GIANT	TRUE	189	アコースティックピアノ	サンプルインストゥルメント
13	ULTIMATE		NOIRE	TRUE	110	アコースティックピアノ	サンプルインストゥルメント
13	ULTIMATE		UNA CORDA	TRUE	199	アコースティックピアノ	サンプルインストゥルメント
13	ULTIMATE		ALICIA'S KEYS	TRUE	10	アコースティックピアノ	サンプルインストゥルメント
13	ULTIMATE		DRUMLAB	TRUE	45	ドラム＆パーカッション	サンプルインストゥルメント
13	ULTIMATE		ABBEY ROAD 60S DRUMMER	TRUE	2	ドラム＆パーカッション	サンプルインストゥルメント
13	ULTIMATE		STUDIO DRUMMER	TRUE	171	ドラム＆パーカッション	サンプルインストゥルメント
13	ULTIMATE		ABBEY ROAD 50S DRUMMER	TRUE	1	ドラム＆パーカッション	サンプルインストゥルメント
13	ULTIMATE		ABBEY ROAD VINTAGE DRUMMER	TRUE	6	ドラム＆パーカッション	サンプルインストゥルメント
13	ULTIMATE		ABBEY ROAD 70S DRUMMER	TRUE	3	ドラム＆パーカッション	サンプルインストゥルメント
13	ULTIMATE		ABBEY ROAD 80S DRUMMER	TRUE	4	ドラム＆パーカッション	サンプルインストゥルメント
13	ULTIMATE		ABBEY ROAD MODERN DRUMMER	TRUE	5	ドラム＆パーカッション	サンプルインストゥルメント
13	ULTIMATE		MASCHINE DRUM SELECTION	TRUE	91	ドラム＆パーカッション	サンプルインストゥルメント
13	ULTIMATE		WEST AFRICA	TRUE	208	ワールドインストゥルメント	サンプルインストゥルメント
13	ULTIMATE		MIDDLE EAST	TRUE	96	ワールドインストゥルメント	サンプルインストゥルメント
13	ULTIMATE		INDIA	TRUE	69	ワールドインストゥルメント	サンプルインストゥルメント
13	ULTIMATE		CUBA	TRUE	37	ワールドインストゥルメント	サンプルインストゥルメント
13	ULTIMATE		BALINESE GAMELAN	TRUE	22	ワールドインストゥルメント	サンプルインストゥルメント
13	ULTIMATE		VINTAGE ORGANS	TRUE	206	エレクトロニックピアノ&オルガン	サンプルインストゥルメント
13	ULTIMATE		SCARBEE MARK I	TRUE	142	エレクトロニックピアノ&オルガン	サンプルインストゥルメント
13	ULTIMATE		SCARBEE A200	TRUE	138	エレクトロニックピアノ&オルガン	サンプルインストゥルメント
13	ULTIMATE		SCARBEE CLAVINET/PIANET	TRUE	139	エレクトロニックピアノ&オルガン	サンプルインストゥルメント
13	ULTIMATE		GEORGE DUKE SOUL TREASURES	TRUE	57	エレクトロニックピアノ&オルガン	サンプルインストゥルメント
13	ULTIMATE		SESSION GUITARIST - ELECTRIC SUNBURST DELUXE	TRUE	150	アコースティック&エレクトリックギター	サンプルインストゥルメント
13	ULTIMATE		SESSION GUITARIST - STRUMMED ACOUSTIC	TRUE	152	アコースティック&エレクトリックギター	サンプルインストゥルメント
13	ULTIMATE		SESSION GUITARIST STRUMMED ACOUSTIC 2	TRUE	153	アコースティック&エレクトリックギター	サンプルインストゥルメント
13	ULTIMATE		SESSION GUITARIST - PICKED ACOUSTIC	TRUE	151	アコースティック&エレクトリックギター	サンプルインストゥルメント
13	ULTIMATE		SCARBEE FUNK GUITARIST	TRUE	140	アコースティック&エレクトリックギター	サンプルインストゥルメント
13	ULTIMATE		SCARBEE RICKENBACKER BASS	TRUE	147	エレクトリックベース	サンプルインストゥルメント
13	ULTIMATE		SCARBEE MM BASS	TRUE	143	エレクトリックベース	サンプルインストゥルメント
13	ULTIMATE		SCARBEE PRE-BASS	TRUE	145	エレクトリックベース	サンプルインストゥルメント
13	ULTIMATE		SCARBEE PRE-BASS AMPED	TRUE	146	エレクトリックベース	サンプルインストゥルメント
13	ULTIMATE		SCARBEE JAY-BASS	TRUE	141	エレクトリックベース	サンプルインストゥルメント
13	ULTIMATE		SCARBEE MM-BASS AMPED	TRUE	144	エレクトリックベース	サンプルインストゥルメント
13	ULTIMATE		SESSION STRINGS PRO 2	TRUE	157	コンテンポラリーストリング&ホーン	サンプルインストゥルメント
13	ULTIMATE		SESSION HORNS PRO	TRUE	155	コンテンポラリーストリング&ホーン	サンプルインストゥルメント
13	ULTIMATE		SYMPHONY ESSENTIALS - PERCUSSION	TRUE	176	クラシカルインストゥルメント	サンプルインストゥルメント
13	ULTIMATE		SYMPHONY ESSENTIALS WOODWIND SOLO	TRUE	180	クラシカルインストゥルメント	サンプルインストゥルメント
13	ULTIMATE		SYMPHONY ESSENTIALS WOODWIND ENSEMBLE	TRUE	179	クラシカルインストゥルメント	サンプルインストゥルメント
13	ULTIMATE		SYMPHONY ESSENTIALS - BRASS SOLO	TRUE	175	クラシカルインストゥルメント	サンプルインストゥルメント
13	ULTIMATE		SYMPHONY ESSENTIALS BRASS ENSEMBLE	TRUE	178	クラシカルインストゥルメント	サンプルインストゥルメント
13	ULTIMATE		SYMPHONY ESSENTIALS - STRING ENSEMBLE	TRUE	177	クラシカルインストゥルメント	サンプルインストゥルメント
13	ULTIMATE		STRADIVARI VIOLIN	TRUE	168	クラシカルインストゥルメント	サンプルインストゥルメント
13	ULTIMATE		KINETIC METAL	TRUE	73	シネマティック	サンプルインストゥルメント
13	ULTIMATE		STRAYLIGHT	TRUE	169	シネマティック	サンプルインストゥルメント
13	ULTIMATE		PHARLIGHT	TRUE	113	シネマティック	サンプルインストゥルメント
13	ULTIMATE		THRILL	TRUE	193	シネマティック	サンプルインストゥルメント
13	ULTIMATE		MYSTERIA	TRUE	107	シネマティック	サンプルインストゥルメント
13	ULTIMATE		KINETIC TOYS	TRUE	74	シネマティック	サンプルインストゥルメント
13	ULTIMATE		EMOTIVE STRINGS	TRUE	47	シネマティック	サンプルインストゥルメント
13	ULTIMATE		DAMAGE	TRUE	38	シネマティック	サンプルインストゥルメント
13	ULTIMATE		ACTION STRIKES	TRUE	8	シネマティック	サンプルインストゥルメント
13	ULTIMATE		RISE & HIT	TRUE	134	シネマティック	サンプルインストゥルメント
13	ULTIMATE		ACTION STRINGS	TRUE	9	シネマティック	サンプルインストゥルメント
13	ULTIMATE		EVOLVE	TRUE	50	シネマティック	サンプルインストゥルメント
13	ULTIMATE		EVOLVE MUTATIONS	TRUE	51	シネマティック	サンプルインストゥルメント
13	ULTIMATE		EVOLVE MUTATIONS 2	TRUE	52	シネマティック	サンプルインストゥルメント
13	ULTIMATE		MALLET FLUX	TRUE	89	シネマティック	サンプルインストゥルメント
13	ULTIMATE		SOLID BUS COMP	TRUE	161	スタジオエフェクト	エフェクト
13	ULTIMATE		SOLID EQ	TRUE	163	スタジオエフェクト	エフェクト
13	ULTIMATE		SOLID DYNAMICS	TRUE	162	スタジオエフェクト	エフェクト
13	ULTIMATE		SUPERCHARGER GT	TRUE	174	スタジオエフェクト	エフェクト
13	ULTIMATE		TRANSIENT MASTER	TRUE	195	スタジオエフェクト	エフェクト
13	ULTIMATE		VARI COMP	TRUE	200	スタジオエフェクト	エフェクト
13	ULTIMATE		ENHANCED EQ	TRUE	48	スタジオエフェクト	エフェクト
13	ULTIMATE		PASSIVE EQ	TRUE	112	スタジオエフェクト	エフェクト
13	ULTIMATE		VC 76	TRUE	203	スタジオエフェクト	エフェクト
13	ULTIMATE		VC 2A	TRUE	202	スタジオエフェクト	エフェクト
13	ULTIMATE		VC 160	TRUE	201	スタジオエフェクト	エフェクト
13	ULTIMATE		RAUM	TRUE	122	クリエイティブエフェクト	エフェクト
13	ULTIMATE		REPLIKA XT	TRUE	132	クリエイティブエフェクト	エフェクト
13	ULTIMATE		MOD PACK - PHASIS	TRUE	100	クリエイティブエフェクト	エフェクト
13	ULTIMATE		MOD PACK - CHORAL	TRUE	98	クリエイティブエフェクト	エフェクト
13	ULTIMATE		MOD PACK - FLAIR	TRUE	99	クリエイティブエフェクト	エフェクト
13	ULTIMATE		CRUSH PACK - DIRT	TRUE	35	クリエイティブエフェクト	エフェクト
13	ULTIMATE		CRUSH PACK - FREAK	TRUE	36	クリエイティブエフェクト	エフェクト
13	ULTIMATE		CRUSH PACK - BITE	TRUE	34	クリエイティブエフェクト	エフェクト
13	ULTIMATE		GUITAR RIG 6 PRO	TRUE	63	クリエイティブエフェクト	エフェクト
13	ULTIMATE		DRIVER	TRUE	43	クリエイティブエフェクト	エフェクト
13	ULTIMATE		THE FINGER	TRUE	187	クリエイティブエフェクト	エフェクト
13	ULTIMATE		THE MOUTH	TRUE	192	クリエイティブエフェクト	エフェクト
13	ULTIMATE		MOLEKULAR	TRUE	103	クリエイティブエフェクト	エフェクト
13	ULTIMATE		RC 48	TRUE	126	クリエイティブエフェクト	エフェクト
13	ULTIMATE		RC 24	TRUE	125	クリエイティブエフェクト	エフェクト
13	ULTIMATE		TRUE SCHOOL	TRUE	198	Expansions	EXPANSIONS
13	ULTIMATE		VELVET LOUNGE	TRUE	204	Expansions	EXPANSIONS
13	ULTIMATE		DEEP MATTER	TRUE	40	Expansions	EXPANSIONS
13	ULTIMATE		SOLAR BREEZE	TRUE	160	Expansions	EXPANSIONS
13	ULTIMATE		LILAC GLARE	TRUE	81	Expansions	EXPANSIONS
13	ULTIMATE		HALCYON SKY	TRUE	64	Expansions	EXPANSIONS
13	ULTIMATE		LUCID MISSION	TRUE	86	Expansions	EXPANSIONS
13	ULTIMATE		NEON DRIVE	TRUE	108	Expansions	EXPANSIONS
13	ULTIMATE		QUEENSBRIDGE STORY	TRUE	121	Expansions	EXPANSIONS
13	ULTIMATE		MOLTEN VEIL	TRUE	104	Expansions	EXPANSIONS
13	ULTIMATE		ELASTIC THUMP	TRUE	46	Expansions	EXPANSIONS
13	ULTIMATE		LONDON GRIT	TRUE	84	Expansions	EXPANSIONS
13	ULTIMATE		DECODED FORMS	TRUE	39	Expansions	EXPANSIONS
13	ULTIMATE		INDIGO DUST	TRUE	70	Expansions	EXPANSIONS
13	ULTIMATE		RISING CRESCENT	TRUE	135	Expansions	EXPANSIONS
13	ULTIMATE		GLOBAL SHAKE	TRUE	58	Expansions	EXPANSIONS
13	ULTIMATE		DROP SQUAD	TRUE	44	Expansions	EXPANSIONS
13	ULTIMATE		PLATINUM BOUNCE	TRUE	114	Expansions	EXPANSIONS
13	ULTIMATE		LAZER DICE	TRUE	80	Expansions	EXPANSIONS
13	ULTIMATE		MARBLE RIMS	TRUE	90	Expansions	EXPANSIONS
13	ULTIMATE		CARIBBEAN CURRENT	TRUE	29	Expansions	EXPANSIONS
13	ULTIMATE		ASTRAL FLUTTER	TRUE	21	Expansions	EXPANSIONS
13	ULTIMATE		CAVERN FLOOR	TRUE	30	Expansions	EXPANSIONS
13	ULTIMATE		GOLDEN KINGDOM	TRUE	59	Expansions	EXPANSIONS
13	ULTIMATE		BYTE RIOT	TRUE	27	Expansions	EXPANSIONS
13	ULTIMATE		DISTRICT XEO	TRUE	41	Expansions	EXPANSIONS
13	ULTIMATE		MAGNETIC COAST	TRUE	88	Expansions	EXPANSIONS
13	ULTIMATE		OPALINE DRIFT	TRUE	111	Expansions	EXPANSIONS
13	ULTIMATE		WARPED SYMMETRY	TRUE	207	Expansions	EXPANSIONS
13	ULTIMATE		PRISMATIC BLISS	TRUE	117	Expansions	EXPANSIONS
13	ULTIMATE		NOCTURNAL STATE	TRUE	109	MASSIVE Expansions	EXPANSIONS
13	ULTIMATE		SPECTRUM QUAKE	TRUE	164	MASSIVE Expansions	EXPANSIONS
13	ULTIMATE		STADIUM FLEX	TRUE	165	MASSIVE Expansions	EXPANSIONS
13	ULTIMATE		MECHANIX	TRUE	94	MASSIVE X Expansions	EXPANSIONS
13	ULTIMATE		MOEBIUS	TRUE	102	MASSIVE X Expansions	EXPANSIONS
13	ULTIMATE		PULSE	TRUE	118	MASSIVE X Expansions	EXPANSIONS
13	ULTIMATE		RUSH	TRUE	137	MASSIVE X Expansions	EXPANSIONS
13	ULTIMATE		SCENE	TRUE	148	MASSIVE X Expansions	EXPANSIONS
13	ULTIMATE		DRIVE	TRUE	42	MASSIVE X Expansions	EXPANSIONS
				TRUE			
13	NORMAL		KOMPLETE KONTROLソフトウェア	TRUE	75		プラットフォーム
13	NORMAL		REAKTOR 6	TRUE	127		プラットフォーム
13	NORMAL		KONTAKT 6	TRUE	77		プラットフォーム
13	NORMAL		MASSIVE	TRUE	92		シンセサイザー
13	NORMAL		MONARK	TRUE	105		シンセサイザー
13	NORMAL		RETRO MACHINES MK2	TRUE	133		シンセサイザー
13	NORMAL		REAKTOR PRISM	TRUE	129		シンセサイザー
13	NORMAL		REAKTOR SPARK	TRUE	130		シンセサイザー
13	NORMAL		BLOCKS PRIMES	TRUE	25		シンセサイザー
13	NORMAL		MASSIVE X	TRUE	93		シンセサイザー
13	NORMAL		SUPER 8	TRUE	172		シンセサイザー
13	NORMAL		TRK-01	TRUE	197		シンセサイザー
13	NORMAL		FORM	TRUE	56		シンセサイザー
13	NORMAL		ROUNDS	TRUE	136		シンセサイザー
13	NORMAL		KONTOUR	TRUE	79		シンセサイザー
13	NORMAL		ABSYNTH 5	TRUE	7		シンセサイザー
13	NORMAL		FM8	TRUE	55		シンセサイザー
13	NORMAL		POLYPLEX	TRUE	116		クリエイティブサンプラー
13	NORMAL		BATTERY 4	TRUE	24		クリエイティブサンプラー
13	NORMAL		ETHEREAL EARTH	TRUE	49	Play Seriesインストゥルメント	サンプルインストゥルメント
13	NORMAL		HYBRID KEYS	TRUE	67	Play Seriesインストゥルメント	サンプルインストゥルメント
13	NORMAL		LO-FI GLOW	TRUE	82	Play Seriesインストゥルメント	サンプルインストゥルメント
13	NORMAL		CLOUD SUPPLY	TRUE	32	Play Seriesインストゥルメント	サンプルインストゥルメント
13	NORMAL		MODULAR ICONS	TRUE	101	Play Seriesインストゥルメント	サンプルインストゥルメント
13	NORMAL		ANALOG DREAMS	TRUE	13	Play Seriesインストゥルメント	サンプルインストゥルメント
13	NORMAL		BUTCH VIG DRUMS	TRUE	26	Play Seriesインストゥルメント	サンプルインストゥルメント
13	NORMAL		THE GENTLEMAN	TRUE	188	アコースティックピアノ	サンプルインストゥルメント
13	NORMAL		THE GRANDEUR	TRUE	190	アコースティックピアノ	サンプルインストゥルメント
13	NORMAL		THE MAVERICK	TRUE	191	アコースティックピアノ	サンプルインストゥルメント
13	NORMAL		THE GIANT	TRUE	189	アコースティックピアノ	サンプルインストゥルメント
13	NORMAL		NOIRE	TRUE	110	アコースティックピアノ	サンプルインストゥルメント
13	NORMAL		UNA CORDA	TRUE	199	アコースティックピアノ	サンプルインストゥルメント
13	NORMAL		DRUMLAB	TRUE	45	ドラム＆パーカッション	サンプルインストゥルメント
13	NORMAL		ABBEY ROAD 60S DRUMMER	TRUE	2	ドラム＆パーカッション	サンプルインストゥルメント
13	NORMAL		STUDIO DRUMMER	TRUE	171	ドラム＆パーカッション	サンプルインストゥルメント
13	NORMAL		WEST AFRICA	TRUE	208	ワールドインストゥルメント	サンプルインストゥルメント
13	NORMAL		MIDDLE EAST	TRUE	96	ワールドインストゥルメント	サンプルインストゥルメント
13	NORMAL		INDIA	TRUE	69	ワールドインストゥルメント	サンプルインストゥルメント
13	NORMAL		CUBA	TRUE	37	ワールドインストゥルメント	サンプルインストゥルメント
13	NORMAL		VINTAGE ORGANS	TRUE	206	エレクトロニックピアノ&オルガン	サンプルインストゥルメント
13	NORMAL		SCARBEE MARK I	TRUE	142	エレクトロニックピアノ&オルガン	サンプルインストゥルメント
13	NORMAL		SCARBEE A200	TRUE	138	エレクトロニックピアノ&オルガン	サンプルインストゥルメント
13	NORMAL		SCARBEE CLAVINET/PIANET	TRUE	139	エレクトロニックピアノ&オルガン	サンプルインストゥルメント
13	NORMAL		SESSION GUITARIST - ELECTRIC SUNBURST	TRUE	149	アコースティック&エレクトリックギター	サンプルインストゥルメント
13	NORMAL		SESSION GUITARIST - STRUMMED ACOUSTIC	TRUE	152	アコースティック&エレクトリックギター	サンプルインストゥルメント
13	NORMAL		SCARBEE RICKENBACKER BASS	TRUE	147	エレクトリックベース	サンプルインストゥルメント
13	NORMAL		SCARBEE MM BASS	TRUE	143	エレクトリックベース	サンプルインストゥルメント
13	NORMAL		SESSION STRINGS 2	TRUE	156	コンテンポラリーストリング&ホーン	サンプルインストゥルメント
13	NORMAL		SESSION HORNS	TRUE	154	コンテンポラリーストリング&ホーン	サンプルインストゥルメント
13	NORMAL		KINETIC METAL	TRUE	73	シネマティック	サンプルインストゥルメント
13	NORMAL		SOLID BUS COMP	TRUE	161	スタジオエフェクト	エフェクト
13	NORMAL		SOLID EQ	TRUE	163	スタジオエフェクト	エフェクト
13	NORMAL		SOLID DYNAMICS	TRUE	162	スタジオエフェクト	エフェクト
13	NORMAL		SUPERCHARGER	TRUE	173	スタジオエフェクト	エフェクト
13	NORMAL		TRANSIENT MASTER	TRUE	195	スタジオエフェクト	エフェクト
13	NORMAL		RAUM	TRUE	122	クリエイティブエフェクト	エフェクト
13	NORMAL		REPLIKA	TRUE	131	クリエイティブエフェクト	エフェクト
13	NORMAL		MOD PACK - PHASIS	TRUE	100	クリエイティブエフェクト	エフェクト
13	NORMAL		MOD PACK - CHORAL	TRUE	98	クリエイティブエフェクト	エフェクト
13	NORMAL		MOD PACK - FLAIR	TRUE	99	クリエイティブエフェクト	エフェクト
13	NORMAL		CRUSH PACK - DIRT	TRUE	35	クリエイティブエフェクト	エフェクト
13	NORMAL		CRUSH PACK - FREAK	TRUE	36	クリエイティブエフェクト	エフェクト
13	NORMAL		CRUSH PACK - BITE	TRUE	34	クリエイティブエフェクト	エフェクト
13	NORMAL		GUITAR RIG 6 PRO	TRUE	63	クリエイティブエフェクト	エフェクト
13	NORMAL		DRIVER	TRUE	43	クリエイティブエフェクト	エフェクト
13	NORMAL		THE FINGER	TRUE	187	クリエイティブエフェクト	エフェクト
13	NORMAL		TRUE SCHOOL	TRUE	198	Expansions	EXPANSIONS
13	NORMAL		VELVET LOUNGE	TRUE	204	Expansions	EXPANSIONS
13	NORMAL		DEEP MATTER	TRUE	40	Expansions	EXPANSIONS
13	NORMAL		SOLAR BREEZE	TRUE	160	Expansions	EXPANSIONS
13	NORMAL		LILAC GLARE	TRUE	81	Expansions	EXPANSIONS
13	NORMAL		HALCYON SKY	TRUE	64	Expansions	EXPANSIONS
13	NORMAL		LUCID MISSION	TRUE	86	Expansions	EXPANSIONS
13	NORMAL		NEON DRIVE	TRUE	108	Expansions	EXPANSIONS
13	NORMAL		QUEENSBRIDGE STORY	TRUE	121	Expansions	EXPANSIONS
13	NORMAL		MOLTEN VEIL	TRUE	104	Expansions	EXPANSIONS
13	NORMAL		ELASTIC THUMP	TRUE	46	Expansions	EXPANSIONS
13	NORMAL		LONDON GRIT	TRUE	84	Expansions	EXPANSIONS
13	NORMAL		DECODED FORMS	TRUE	39	Expansions	EXPANSIONS
13	NORMAL		INDIGO DUST	TRUE	70	Expansions	EXPANSIONS
13	NORMAL		RISING CRESCENT	TRUE	135	Expansions	EXPANSIONS
13	NORMAL		NOCTURNAL STATE	TRUE	109	MASSIVE Expansions	EXPANSIONS
13	NORMAL		SPECTRUM QUAKE	TRUE	164	MASSIVE Expansions	EXPANSIONS
13	NORMAL		STADIUM FLEX	TRUE	165	MASSIVE Expansions	EXPANSIONS
13	NORMAL		MECHANIX	TRUE	94	MASSIVE X Expansions	EXPANSIONS
13	NORMAL		MOEBIUS	TRUE	102	MASSIVE X Expansions	EXPANSIONS
13	NORMAL		PULSE	TRUE	118	MASSIVE X Expansions	EXPANSIONS
13	NORMAL		RUSH	TRUE	137	MASSIVE X Expansions	EXPANSIONS
13	NORMAL		SCENE	TRUE	148	MASSIVE X Expansions	EXPANSIONS
13	NORMAL		DRIVE	TRUE	42	MASSIVE X Expansions	EXPANSIONS
				TRUE			
13	SELECT		KOMPLETE KONTROLソフトウェア	TRUE	75		プラットフォーム
13	SELECT		REAKTOR 6 PLAYER	TRUE	128		プラットフォーム
13	SELECT		KONTAKT 6 PLAYER	TRUE	78		プラットフォーム
13	SELECT		MASSIVE	TRUE	92		シンセサイザー
13	SELECT		MONARK	TRUE	105		シンセサイザー
13	SELECT		RETRO MACHINES MK2	TRUE	133		シンセサイザー
13	SELECT		REAKTOR PRISM	TRUE	129		シンセサイザー
13	SELECT		ETHEREAL EARTH	TRUE	49	Play Seriesインストゥルメント	サンプルインストゥルメント
13	SELECT		HYBRID KEYS	TRUE	67	Play Seriesインストゥルメント	サンプルインストゥルメント
13	SELECT		THE GENTLEMAN	TRUE	188	アコースティックピアノ	サンプルインストゥルメント
13	SELECT		DRUMLAB	TRUE	45	ドラム＆パーカッション	サンプルインストゥルメント
13	SELECT		WEST AFRICA	TRUE	208	ワールドインストゥルメント	サンプルインストゥルメント
13	SELECT		VINTAGE ORGANS	TRUE	206	エレクトロニックピアノ&オルガン	サンプルインストゥルメント
13	SELECT		SCARBEE MARK I	TRUE	142	エレクトロニックピアノ&オルガン	サンプルインストゥルメント
13	SELECT		SCARBEE RICKENBACKER BASS	TRUE	147	エレクトリックベース	サンプルインストゥルメント
13	SELECT		SOLID BUS COMP	TRUE	161	スタジオエフェクト	エフェクト
13	SELECT		RAUM	TRUE	122	クリエイティブエフェクト	エフェクト
13	SELECT		REPLIKA	TRUE	131	クリエイティブエフェクト	エフェクト
13	SELECT		MOD PACK - PHASIS	TRUE	100	クリエイティブエフェクト	エフェクト
13	SELECT		TRUE SCHOOL	TRUE	198	Expansions	EXPANSIONS
13	SELECT		VELVET LOUNGE	TRUE	204	Expansions	EXPANSIONS
13	SELECT		DEEP MATTER	TRUE	40	Expansions	EXPANSIONS
13	SELECT		SOLAR BREEZE	TRUE	160	Expansions	EXPANSIONS
13	SELECT		LILAC GLARE	TRUE	81	Expansions	EXPANSIONS
				TRUE			
8	NORMAL	KONTAKT 5*	KONTAKT 5	TRUE	76		プラットフォーム
8	NORMAL	GUITAR RIG 5 PRO*	GUITAR RIG 5 PRO	TRUE	62	クリエイティブエフェクト	エフェクト
8	NORMAL	STUDIO DRUMMER*	STUDIO DRUMMER	TRUE	171	ドラム＆パーカッション	サンプルインストゥルメント
8	NORMAL	TRANSIENT MASTER*	TRANSIENT MASTER	TRUE	195	スタジオエフェクト	エフェクト
8	NORMAL	WEST AFRICA*	WEST AFRICA	TRUE	208	ワールドインストゥルメント	サンプルインストゥルメント
8	NORMAL	RETRO MACHINES MK2*	RETRO MACHINES MK2	TRUE	133		シンセサイザー
8	NORMAL	REAKTOR 5	REAKTOR 5	TRUE	209		プラットフォーム
8	NORMAL	ABSYNTH 5	ABSYNTH 5	TRUE	7		シンセサイザー
8	NORMAL	MASSIVE	MASSIVE	TRUE	92		シンセサイザー
8	NORMAL	FM8	FM8	TRUE	55		シンセサイザー
8	NORMAL	REAKTOR SPARK	REAKTOR SPARK	TRUE	130		シンセサイザー
8	NORMAL	REAKTOR PRISM	REAKTOR PRISM	TRUE	129		シンセサイザー
8	NORMAL	RAMMFIRE	RAMMFIRE	TRUE	210	クリエイティブエフェクト	エフェクト
8	NORMAL	SCARBEE MM-BASS	SCARBEE MM BASS	FALSE	143	エレクトリックベース	サンプルインストゥルメント
8	NORMAL	BATTERY 3	BATTERY 3	TRUE	211		クリエイティブサンプラー
8	NORMAL	THE FINGER	THE FINGER	TRUE	187	クリエイティブエフェクト	エフェクト
8	NORMAL	TRAKTOR'S 12	TRAKTOR'S 12	TRUE	212	クリエイティブエフェクト	エフェクト
8	NORMAL	REFLEKTOR	REFLEKTOR	TRUE	213	クリエイティブエフェクト	エフェクト
8	NORMAL	NEW YORK CONCERT GRAND	NEW YORK CONCERT GRAND	TRUE	214	アコースティックピアノ	サンプルインストゥルメント
8	NORMAL	VIENNA CONCERT GRAND	VIENNA CONCERT GRAND	TRUE	215	アコースティックピアノ	サンプルインストゥルメント
8	NORMAL	BERLIN CONCERT GRAND	BERLIN CONCERT GRAND	TRUE	216	アコースティックピアノ	サンプルインストゥルメント
8	NORMAL	UPRIGHT PIANO	UPRIGHT PIANO	TRUE	217	アコースティックピアノ	サンプルインストゥルメント
8	NORMAL	VINTAGE ORGANS	VINTAGE ORGANS	TRUE	206	エレクトロニックピアノ&オルガン	サンプルインストゥルメント
8	NORMAL	SCARBEE MARK I	SCARBEE MARK I	TRUE	142	エレクトロニックピアノ&オルガン	サンプルインストゥルメント
8	NORMAL	SCARBEE A-200	SCARBEE A-200	TRUE	218	エレクトロニックピアノ&オルガン	サンプルインストゥルメント
8	NORMAL	SCARBEE CLAVINET/PIANET	SCARBEE CLAVINET/PIANET	TRUE	139	エレクトロニックピアノ&オルガン	サンプルインストゥルメント
8	NORMAL	ABBEY ROAD 60S DRUMMER*	ABBEY ROAD 60S DRUMMER	TRUE	2	ドラム＆パーカッション	サンプルインストゥルメント
				TRUE			
8	ULTIMATE	KONTAKT 5*	KONTAKT 5	TRUE	76		プラットフォーム
8	ULTIMATE	REAKTOR 5	REAKTOR 5	TRUE	209		プラットフォーム
8	ULTIMATE	GUITAR RIG 5 PRO*	GUITAR RIG 5 PRO	TRUE	62	クリエイティブエフェクト	エフェクト
8	ULTIMATE	ABSYNTH 5	ABSYNTH 5	TRUE	7		シンセサイザー
8	ULTIMATE	BATTERY 3	BATTERY 3	TRUE	211		クリエイティブサンプラー
8	ULTIMATE	FM8	FM8	TRUE	55		シンセサイザー
8	ULTIMATE	MASSIVE	MASSIVE	TRUE	92		シンセサイザー
8	ULTIMATE	RETRO MACHINES MK2*	RETRO MACHINES MK2	TRUE	133		シンセサイザー
8	ULTIMATE	REAKTOR PRISM	REAKTOR PRISM	TRUE	129		シンセサイザー
8	ULTIMATE	REAKTOR SPARK	REAKTOR SPARK	TRUE	130		シンセサイザー
8	ULTIMATE	TRANSIENT MASTER*	TRANSIENT MASTER	TRUE	195	スタジオエフェクト	エフェクト
8	ULTIMATE	TRAKTOR'S 12	TRAKTOR'S 12	TRUE	212	クリエイティブエフェクト	エフェクト
8	ULTIMATE	REFLEKTOR	REFLEKTOR	TRUE	213	クリエイティブエフェクト	エフェクト
8	ULTIMATE	ABBEY ROAD 60S DRUMMER*	ABBEY ROAD 60S DRUMMER	TRUE	2	ドラム＆パーカッション	サンプルインストゥルメント
8	ULTIMATE	ABBEY ROAD 70S DRUMMER*	ABBEY ROAD 70S DRUMMER	TRUE	3	ドラム＆パーカッション	サンプルインストゥルメント
8	ULTIMATE	ABBEY ROAD 80S DRUMMER*	ABBEY ROAD 80S DRUMMER	TRUE	4	ドラム＆パーカッション	サンプルインストゥルメント
8	ULTIMATE	ABBEY ROAD MODERN DRUMMER*	ABBEY ROAD MODERN DRUMMER	TRUE	5	ドラム＆パーカッション	サンプルインストゥルメント
8	ULTIMATE	SESSION STRINGS PRO*	SESSION STRINGS PRO	TRUE	220	コンテンポラリーストリング&ホーン	サンプルインストゥルメント
8	ULTIMATE	ALICIAS KEYS*	ALICIA'S KEYS	FALSE	10	アコースティックピアノ	サンプルインストゥルメント
8	ULTIMATE	RAZOR*	RAZOR	TRUE	124		シンセサイザー
8	ULTIMATE	SOLID BUS COMP*	SOLID BUS COMP	TRUE	161	スタジオエフェクト	エフェクト
8	ULTIMATE	SOLID DYNAMICS*	SOLID DYNAMICS	TRUE	162	スタジオエフェクト	エフェクト
8	ULTIMATE	SOLID EQ*	SOLID EQ	TRUE	163	スタジオエフェクト	エフェクト
8	ULTIMATE	THE FINGER	THE FINGER	TRUE	187	クリエイティブエフェクト	エフェクト
8	ULTIMATE	THE MOUTH*	THE MOUTH	TRUE	192	クリエイティブエフェクト	エフェクト
8	ULTIMATE	WEST AFRICA*	WEST AFRICA	TRUE	208	ワールドインストゥルメント	サンプルインストゥルメント
8	ULTIMATE	BALINESE GAMELAN*	BALINESE GAMELAN	TRUE	22	ワールドインストゥルメント	サンプルインストゥルメント
8	ULTIMATE	MASCHINE DRUM SELECTION*	MASCHINE DRUM SELECTION	TRUE	91	ドラム＆パーカッション	サンプルインストゥルメント
8	ULTIMATE	RAMMFIRE	RAMMFIRE	TRUE	210	クリエイティブエフェクト	エフェクト
8	ULTIMATE	VINTAGE ORGANS	VINTAGE ORGANS	TRUE	206	エレクトロニックピアノ&オルガン	サンプルインストゥルメント
8	ULTIMATE	NEW YORK CONCERT GRAND	NEW YORK CONCERT GRAND	TRUE	214	アコースティックピアノ	サンプルインストゥルメント
8	ULTIMATE	BERLIN CONCERT GRAND	BERLIN CONCERT GRAND	TRUE	216	アコースティックピアノ	サンプルインストゥルメント
8	ULTIMATE	VIENNA CONCERT GRAND	VIENNA CONCERT GRAND	TRUE	215	アコースティックピアノ	サンプルインストゥルメント
8	ULTIMATE	UPRIGHT PIANO	UPRIGHT PIANO	TRUE	217	アコースティックピアノ	サンプルインストゥルメント
8	ULTIMATE	STUDIO DRUMMER*	STUDIO DRUMMER	TRUE	171	ドラム＆パーカッション	サンプルインストゥルメント
8	ULTIMATE	SCARBEE FUNK GUITARIST*	SCARBEE FUNK GUITARIST	TRUE	140	アコースティック&エレクトリックギター	サンプルインストゥルメント
8	ULTIMATE	GEORGE DUKE SOUL TREASURES*	GEORGE DUKE SOUL TREASURES	TRUE	57	エレクトロニックピアノ&オルガン	サンプルインストゥルメント
8	ULTIMATE	VC160*	VC 160	FALSE	201	スタジオエフェクト	エフェクト
8	ULTIMATE	VC2A*	VC 2A	FALSE	202	スタジオエフェクト	エフェクト
8	ULTIMATE	VC76*	VC 76	FALSE	203	スタジオエフェクト	エフェクト
8	ULTIMATE	EVOLVE MUTATIONS*	EVOLVE MUTATIONS	TRUE	51	シネマティック	サンプルインストゥルメント
8	ULTIMATE	EVOLVE MUTATIONS 2*	EVOLVE MUTATIONS 2	TRUE	52	シネマティック	サンプルインストゥルメント
8	ULTIMATE	SCARBEE A-200	SCARBEE A-200	TRUE	218	エレクトロニックピアノ&オルガン	サンプルインストゥルメント
8	ULTIMATE	SCARBEE MARK I	SCARBEE MARK I	TRUE	142	エレクトロニックピアノ&オルガン	サンプルインストゥルメント
8	ULTIMATE	SCARBEE CLAVINET/PIANET	SCARBEE CLAVINET/PIANET	TRUE	139	エレクトロニックピアノ&オルガン	サンプルインストゥルメント
8	ULTIMATE	SCARBEE JAY-BASS*	SCARBEE JAY-BASS	TRUE	141	エレクトリックベース	サンプルインストゥルメント
8	ULTIMATE	SCARBEE MM-BASS	SCARBEE MM BASS	FALSE	143	エレクトリックベース	サンプルインストゥルメント
8	ULTIMATE	SCARBEE PRE-BASS*	SCARBEE PRE-BASS	TRUE	145	エレクトリックベース	サンプルインストゥルメント
8	ULTIMATE	SCARBEE MM-BASS AMPED*	SCARBEE MM-BASS AMPED	TRUE	144	エレクトリックベース	サンプルインストゥルメント
8	ULTIMATE	SCARBEE PRE-BASS AMPED*	SCARBEE PRE-BASS AMPED	TRUE	146	エレクトリックベース	サンプルインストゥルメント
				TRUE			
9	NORMAL	REAKTOR 5	REAKTOR 5	TRUE	209		プラットフォーム
9	NORMAL	KONTAKT 5	KONTAKT 5	TRUE	76		プラットフォーム
9	NORMAL	BATTERY 4*	BATTERY 4	TRUE	24		クリエイティブサンプラー
9	NORMAL	KOMPLETE KONTROL*	KOMPLETE KONTROLソフトウェア	FALSE	75		プラットフォーム
9	NORMAL	STUDIO DRUMMER	STUDIO DRUMMER	TRUE	171	ドラム＆パーカッション	サンプルインストゥルメント
9	NORMAL	ABBEY ROAD | 60S DRUMMER	ABBEY ROAD 60S DRUMMER	FALSE	2	ドラム＆パーカッション	サンプルインストゥルメント
9	NORMAL	WEST AFRICA	WEST AFRICA	TRUE	208	ワールドインストゥルメント	サンプルインストゥルメント
9	NORMAL	GUITAR RIG 5 PRO	GUITAR RIG 5 PRO	TRUE	62	クリエイティブエフェクト	エフェクト
9	NORMAL	RAMMFIRE	RAMMFIRE	TRUE	210	クリエイティブエフェクト	エフェクト
9	NORMAL	SCARBEE MM-BASS	SCARBEE MM BASS	FALSE	143	エレクトリックベース	サンプルインストゥルメント
9	NORMAL	SOLID EQ	SOLID EQ	TRUE	163	スタジオエフェクト	エフェクト
9	NORMAL	SOLID DYNAMICS	SOLID DYNAMICS	TRUE	162	スタジオエフェクト	エフェクト
9	NORMAL	SOLID BUS COMP	SOLID BUS COMP	TRUE	161	スタジオエフェクト	エフェクト
9	NORMAL	TRANSIENT MASTER	TRANSIENT MASTER	TRUE	195	スタジオエフェクト	エフェクト
9	NORMAL	TRAKTOR'S 12	TRAKTOR'S 12	TRUE	212	クリエイティブエフェクト	エフェクト
9	NORMAL	THE FINGER	THE FINGER	TRUE	187	クリエイティブエフェクト	エフェクト
9	NORMAL	REFLEKTOR	REFLEKTOR	TRUE	213	クリエイティブエフェクト	エフェクト
9	NORMAL	FM8	FM8	TRUE	55		シンセサイザー
9	NORMAL	ABSYNTH 5	ABSYNTH 5	TRUE	7		シンセサイザー
9	NORMAL	MASSIVE	MASSIVE	TRUE	92		シンセサイザー
9	NORMAL	REAKTOR SPARK	REAKTOR SPARK	TRUE	130		シンセサイザー
9	NORMAL	MONARK*	MONARK	TRUE	105		シンセサイザー
9	NORMAL	REAKTOR PRISM	REAKTOR PRISM	TRUE	129		シンセサイザー
9	NORMAL	RETRO MACHINES MK2	RETRO MACHINES MK2	TRUE	133		シンセサイザー
9	NORMAL	SCARBEE MARK I	SCARBEE MARK I	TRUE	142	エレクトロニックピアノ&オルガン	サンプルインストゥルメント
9	NORMAL	SCARBEE CLAVINET/PIANET	SCARBEE CLAVINET/PIANET	TRUE	139	エレクトロニックピアノ&オルガン	サンプルインストゥルメント
9	NORMAL	SCARBEE A-200	SCARBEE A-200	TRUE	218	エレクトロニックピアノ&オルガン	サンプルインストゥルメント
9	NORMAL	VINTAGE ORGANS	VINTAGE ORGANS	TRUE	206	エレクトロニックピアノ&オルガン	サンプルインストゥルメント
9	NORMAL	SESSION STRINGS*	SESSION STRINGS	TRUE	219	コンテンポラリーストリング&ホーン	サンプルインストゥルメント
9	NORMAL	THE GIANT*	THE GIANT	TRUE	189	アコースティックピアノ	サンプルインストゥルメント
9	NORMAL	NEW YORK CONCERT GRAND	NEW YORK CONCERT GRAND	TRUE	214	アコースティックピアノ	サンプルインストゥルメント
9	NORMAL	VIENNA CONCERT GRAND	VIENNA CONCERT GRAND	TRUE	215	アコースティックピアノ	サンプルインストゥルメント
9	NORMAL	BERLIN CONCERT GRAND	BERLIN CONCERT GRAND	TRUE	216	アコースティックピアノ	サンプルインストゥルメント
9	NORMAL	UPRIGHT PIANO	UPRIGHT PIANO	TRUE	217	アコースティックピアノ	サンプルインストゥルメント
				TRUE			
9	ULTIMATE	REAKTOR 5	REAKTOR 5	TRUE	209		プラットフォーム
9	ULTIMATE	KONTAKT 5	KONTAKT 5	TRUE	76		プラットフォーム
9	ULTIMATE	BATTERY 4*	BATTERY 4	TRUE	24		クリエイティブサンプラー
9	ULTIMATE	KOMPLETE KONTROL*	KOMPLETE KONTROLソフトウェア	FALSE	75		プラットフォーム
9	ULTIMATE	STUDIO DRUMMER	STUDIO DRUMMER	TRUE	171	ドラム＆パーカッション	サンプルインストゥルメント
9	ULTIMATE	ABBEY ROAD 60S DRUMMER	ABBEY ROAD 60S DRUMMER	TRUE	2	ドラム＆パーカッション	サンプルインストゥルメント
9	ULTIMATE	ABBEY ROAD 70S DRUMMER	ABBEY ROAD 70S DRUMMER	TRUE	3	ドラム＆パーカッション	サンプルインストゥルメント
9	ULTIMATE	ABBEY ROAD 80S DRUMMER	ABBEY ROAD 80S DRUMMER	TRUE	4	ドラム＆パーカッション	サンプルインストゥルメント
9	ULTIMATE	ABBEY ROAD MODERN DRUMMER	ABBEY ROAD MODERN DRUMMER	TRUE	5	ドラム＆パーカッション	サンプルインストゥルメント
9	ULTIMATE	ABBEY ROAD VINTAGE DRUMMER*	ABBEY ROAD VINTAGE DRUMMER	TRUE	6	ドラム＆パーカッション	サンプルインストゥルメント
9	ULTIMATE	WEST AFRICA	WEST AFRICA	TRUE	208	ワールドインストゥルメント	サンプルインストゥルメント
9	ULTIMATE	GUITAR RIG 5 PRO	GUITAR RIG 5 PRO	TRUE	62	クリエイティブエフェクト	エフェクト
9	ULTIMATE	RAMMFIRE	RAMMFIRE	TRUE	210	クリエイティブエフェクト	エフェクト
9	ULTIMATE	SCARBEE MM-BASS	SCARBEE MM BASS	FALSE	143	エレクトリックベース	サンプルインストゥルメント
9	ULTIMATE	SOLID EQ	SOLID EQ	TRUE	163	スタジオエフェクト	エフェクト
9	ULTIMATE	SOLID DYNAMICS	SOLID DYNAMICS	TRUE	162	スタジオエフェクト	エフェクト
9	ULTIMATE	SOLID BUS COMP	SOLID BUS COMP	TRUE	161	スタジオエフェクト	エフェクト
9	ULTIMATE	TRANSIENT MASTER	TRANSIENT MASTER	TRUE	195	スタジオエフェクト	エフェクト
9	ULTIMATE	TRAKTOR'S 12	TRAKTOR'S 12	TRUE	212	クリエイティブエフェクト	エフェクト
9	ULTIMATE	THE FINGER	THE FINGER	TRUE	187	クリエイティブエフェクト	エフェクト
9	ULTIMATE	REFLEKTOR	REFLEKTOR	TRUE	213	クリエイティブエフェクト	エフェクト
9	ULTIMATE	FM8	FM8	TRUE	55		シンセサイザー
9	ULTIMATE	ABSYNTH 5	ABSYNTH 5	TRUE	7		シンセサイザー
9	ULTIMATE	MASSIVE	MASSIVE	TRUE	92		シンセサイザー
9	ULTIMATE	REAKTOR SPARK	REAKTOR SPARK	TRUE	130		シンセサイザー
9	ULTIMATE	MONARK*	MONARK	TRUE	105		シンセサイザー
9	ULTIMATE	REAKTOR PRISM	REAKTOR PRISM	TRUE	129		シンセサイザー
9	ULTIMATE	RETRO MACHINES MK2	RETRO MACHINES MK2	TRUE	133		シンセサイザー
9	ULTIMATE	SCARBEE MARK I	SCARBEE MARK I	TRUE	142	エレクトロニックピアノ&オルガン	サンプルインストゥルメント
9	ULTIMATE	SCARBEE CLAVINET/PIANET	SCARBEE CLAVINET/PIANET	TRUE	139	エレクトロニックピアノ&オルガン	サンプルインストゥルメント
9	ULTIMATE	SCARBEE A-200	SCARBEE A-200	TRUE	218	エレクトロニックピアノ&オルガン	サンプルインストゥルメント
9	ULTIMATE	VINTAGE ORGANS	VINTAGE ORGANS	TRUE	206	エレクトロニックピアノ&オルガン	サンプルインストゥルメント
9	ULTIMATE	SESSION STRINGS	SESSION STRINGS	TRUE	219	コンテンポラリーストリング&ホーン	サンプルインストゥルメント
9	ULTIMATE	THE GIANT*	THE GIANT	TRUE	189	アコースティックピアノ	サンプルインストゥルメント
9	ULTIMATE	NEW YORK CONCERT GRAND	NEW YORK CONCERT GRAND	TRUE	214	アコースティックピアノ	サンプルインストゥルメント
9	ULTIMATE	VIENNA CONCERT GRAND	VIENNA CONCERT GRAND	TRUE	215	アコースティックピアノ	サンプルインストゥルメント
9	ULTIMATE	BERLIN CONCERT GRAND	BERLIN CONCERT GRAND	TRUE	216	アコースティックピアノ	サンプルインストゥルメント
9	ULTIMATE	UPRIGHT PIANO	UPRIGHT PIANO	TRUE	217	アコースティックピアノ	サンプルインストゥルメント
9	ULTIMATE	ENHANCED EQ*	ENHANCED EQ	TRUE	48	スタジオエフェクト	エフェクト
9	ULTIMATE	RC 24*	RC 24	TRUE	125	クリエイティブエフェクト	エフェクト
9	ULTIMATE	RC 48*	RC 48	TRUE	126	クリエイティブエフェクト	エフェクト
9	ULTIMATE	PASSIVE EQ*	PASSIVE EQ	TRUE	112	スタジオエフェクト	エフェクト
9	ULTIMATE	VARI COMP*	VARI COMP	TRUE	200	スタジオエフェクト	エフェクト
9	ULTIMATE	VC 2A	VC 2A	TRUE	202	スタジオエフェクト	エフェクト
9	ULTIMATE	VC 76	VC 76	TRUE	203	スタジオエフェクト	エフェクト
9	ULTIMATE	VC 160	VC 160	TRUE	201	スタジオエフェクト	エフェクト
9	ULTIMATE	DRIVER*	DRIVER	TRUE	43	クリエイティブエフェクト	エフェクト
9	ULTIMATE	THE MOUTH	THE MOUTH	TRUE	192	クリエイティブエフェクト	エフェクト
9	ULTIMATE	ACTION STRINGS*	ACTION STRINGS	TRUE	9	シネマティック	サンプルインストゥルメント
9	ULTIMATE	EVOLVE*	EVOLVE	TRUE	50	シネマティック	サンプルインストゥルメント
9	ULTIMATE	EVOLVE MUTATIONS	EVOLVE MUTATIONS	TRUE	51	シネマティック	サンプルインストゥルメント
9	ULTIMATE	EVOLVE MUTATIONS 2	EVOLVE MUTATIONS 2	TRUE	52	シネマティック	サンプルインストゥルメント
9	ULTIMATE	DAMAGE*	DAMAGE	TRUE	38	シネマティック	サンプルインストゥルメント
9	ULTIMATE	SESSION HORNS*	SESSION HORNS	TRUE	154	コンテンポラリーストリング&ホーン	サンプルインストゥルメント
9	ULTIMATE	ALICIA'S KEYS	ALICIA'S KEYS	TRUE	10	アコースティックピアノ	サンプルインストゥルメント
9	ULTIMATE	GEORGE DUKE SOUL TREASURES	GEORGE DUKE SOUL TREASURES	TRUE	57	エレクトロニックピアノ&オルガン	サンプルインストゥルメント
9	ULTIMATE	SCARBEE JAY-BASS	SCARBEE JAY-BASS	TRUE	141	エレクトリックベース	サンプルインストゥルメント
9	ULTIMATE	SCARBEE AMPED	SCARBEE AMPED	TRUE	221	エレクトリックベース	サンプルインストゥルメント
9	ULTIMATE	SCARBEE RICKENBACKER BASS*	SCARBEE RICKENBACKER BASS	TRUE	147	エレクトリックベース	サンプルインストゥルメント
9	ULTIMATE	SKANNER XT*	SKANNER XT	TRUE	159		シンセサイザー
9	ULTIMATE	RAZOR	RAZOR	TRUE	124		シンセサイザー
9	ULTIMATE	BALINESE GAMELAN	BALINESE GAMELAN	TRUE	22	ワールドインストゥルメント	サンプルインストゥルメント
				TRUE			
10	NORMAL	KONTAKT 5	KONTAKT 5	TRUE	76		プラットフォーム
10	NORMAL	REAKTOR 5	REAKTOR 5	TRUE	209		プラットフォーム
10	NORMAL	MASSIVE	MASSIVE	TRUE	92		シンセサイザー
10	NORMAL	ABSYNTH 5	ABSYNTH 5	TRUE	7		シンセサイザー
10	NORMAL	FM8	FM8	TRUE	55		シンセサイザー
10	NORMAL	BATTERY 4	BATTERY 4	TRUE	24		クリエイティブサンプラー
10	NORMAL	GUITAR RIG 5 PRO	GUITAR RIG 5 PRO	TRUE	62	クリエイティブエフェクト	エフェクト
10	NORMAL	ABBEY ROAD 60S DRUMMER	ABBEY ROAD 60S DRUMMER	TRUE	2	ドラム＆パーカッション	サンプルインストゥルメント
10	NORMAL	DRIVER	DRIVER	TRUE	43	クリエイティブエフェクト	エフェクト
10	NORMAL	DRUMLAB*	DRUMLAB	TRUE	45	ドラム＆パーカッション	サンプルインストゥルメント
10	NORMAL	KONTOUR*	KONTOUR	TRUE	79		シンセサイザー
10	NORMAL	MONARK	MONARK	TRUE	105		シンセサイザー
10	NORMAL	POLYPLEX*	POLYPLEX	TRUE	116		クリエイティブサンプラー
10	NORMAL	RAMMFIRE	RAMMFIRE	TRUE	210	クリエイティブエフェクト	エフェクト
10	NORMAL	REAKTOR PRISM	REAKTOR PRISM	TRUE	129		シンセサイザー
10	NORMAL	REAKTOR SPARK	REAKTOR SPARK	TRUE	130		シンセサイザー
10	NORMAL	REFLEKTOR	REFLEKTOR	TRUE	213	クリエイティブエフェクト	エフェクト
10	NORMAL	RETRO MACHINES MK2	RETRO MACHINES MK2	TRUE	133		シンセサイザー
10	NORMAL	ROUNDS*	ROUNDS	TRUE	136		シンセサイザー
10	NORMAL	SCARBEE A200	SCARBEE A200	TRUE	138	エレクトロニックピアノ&オルガン	サンプルインストゥルメント
10	NORMAL	SCARBEE MARK I	SCARBEE MARK I	TRUE	142	エレクトロニックピアノ&オルガン	サンプルインストゥルメント
10	NORMAL	SCARBEE CLAVINET/PIANET	SCARBEE CLAVINET/PIANET	TRUE	139	エレクトロニックピアノ&オルガン	サンプルインストゥルメント
10	NORMAL	SCARBEE MM BASS	SCARBEE MM BASS	TRUE	143	エレクトリックベース	サンプルインストゥルメント
10	NORMAL	SESSION HORNS	SESSION HORNS	TRUE	154	コンテンポラリーストリング&ホーン	サンプルインストゥルメント
10	NORMAL	SESSION STRINGS	SESSION STRINGS	TRUE	219	コンテンポラリーストリング&ホーン	サンプルインストゥルメント
10	NORMAL	SOLID EQ	SOLID EQ	TRUE	163	スタジオエフェクト	エフェクト
10	NORMAL	SOLID BUS COMP	SOLID BUS COMP	TRUE	161	スタジオエフェクト	エフェクト
10	NORMAL	SOLID DYNAMICS	SOLID DYNAMICS	TRUE	162	スタジオエフェクト	エフェクト
10	NORMAL	STUDIO DRUMMER	STUDIO DRUMMER	TRUE	171	ドラム＆パーカッション	サンプルインストゥルメント
10	NORMAL	SUPERCHARGER*	SUPERCHARGER	TRUE	173	スタジオエフェクト	エフェクト
10	NORMAL	THE FINGER	THE FINGER	TRUE	187	クリエイティブエフェクト	エフェクト
10	NORMAL	THE GIANT	THE GIANT	TRUE	189	アコースティックピアノ	サンプルインストゥルメント
10	NORMAL	THE GENTLEMAN*	THE GENTLEMAN	TRUE	188	アコースティックピアノ	サンプルインストゥルメント
10	NORMAL	THE GRANDEUR*	THE GRANDEUR	TRUE	190	アコースティックピアノ	サンプルインストゥルメント
10	NORMAL	THE MAVERICK*	THE MAVERICK	TRUE	191	アコースティックピアノ	サンプルインストゥルメント
10	NORMAL	TRAKTOR'S 12	TRAKTOR'S 12	TRUE	212	クリエイティブエフェクト	エフェクト
10	NORMAL	TRANSIENT MASTER	TRANSIENT MASTER	TRUE	195	スタジオエフェクト	エフェクト
10	NORMAL	VINTAGE ORGANS	VINTAGE ORGANS	TRUE	206	エレクトロニックピアノ&オルガン	サンプルインストゥルメント
10	NORMAL	WEST AFRICA	WEST AFRICA	TRUE	208	ワールドインストゥルメント	サンプルインストゥルメント
				TRUE			
10	ULTIMATE	KONTAKT 5	KONTAKT 5	TRUE	76		プラットフォーム
10	ULTIMATE	REAKTOR 5	REAKTOR 5	TRUE	209		プラットフォーム
10	ULTIMATE	MASSIVE	MASSIVE	TRUE	92		シンセサイザー
10	ULTIMATE	ABSYNTH 5	ABSYNTH 5	TRUE	7		シンセサイザー
10	ULTIMATE	FM8	FM8	TRUE	55		シンセサイザー
10	ULTIMATE	BATTERY 4	BATTERY 4	TRUE	24		クリエイティブサンプラー
10	ULTIMATE	GUITAR RIG 5 PRO	GUITAR RIG 5 PRO	TRUE	62	クリエイティブエフェクト	エフェクト
10	ULTIMATE	ABBEY ROAD VINTAGE DRUMMER	ABBEY ROAD VINTAGE DRUMMER	TRUE	6	ドラム＆パーカッション	サンプルインストゥルメント
10	ULTIMATE	ABBEY ROAD 50s DRUMMER*	ABBEY ROAD 50s DRUMMER	TRUE	1	ドラム＆パーカッション	サンプルインストゥルメント
10	ULTIMATE	ABBEY ROAD 60s DRUMMER	ABBEY ROAD 60s DRUMMER	TRUE	2	ドラム＆パーカッション	サンプルインストゥルメント
10	ULTIMATE	ABBEY ROAD 70s DRUMMER	ABBEY ROAD 70s DRUMMER	TRUE	3	ドラム＆パーカッション	サンプルインストゥルメント
10	ULTIMATE	ABBEY ROAD 80s DRUMMER	ABBEY ROAD 80s DRUMMER	TRUE	4	ドラム＆パーカッション	サンプルインストゥルメント
10	ULTIMATE	ABBEY ROAD MODERN DRUMMER	ABBEY ROAD MODERN DRUMMER	TRUE	5	ドラム＆パーカッション	サンプルインストゥルメント
10	ULTIMATE	ACTION STRIKES*	ACTION STRIKES	TRUE	8	シネマティック	サンプルインストゥルメント
10	ULTIMATE	ACTION STRINGS	ACTION STRINGS	TRUE	9	シネマティック	サンプルインストゥルメント
10	ULTIMATE	ALICIA'S KEYS	ALICIA'S KEYS	TRUE	10	アコースティックピアノ	サンプルインストゥルメント
10	ULTIMATE	BALINESE GAMELAN	BALINESE GAMELAN	TRUE	22	ワールドインストゥルメント	サンプルインストゥルメント
10	ULTIMATE	DAMAGE	DAMAGE	TRUE	38	シネマティック	サンプルインストゥルメント
10	ULTIMATE	DISCOVERY SERIES CUBA*	DISCOVERY SERIES CUBA	TRUE	222	ワールドインストゥルメント	サンプルインストゥルメント
10	ULTIMATE	DRIVER	DRIVER	TRUE	43	クリエイティブエフェクト	エフェクト
10	ULTIMATE	DRUMLAB*	DRUMLAB	TRUE	45	ドラム＆パーカッション	サンプルインストゥルメント
10	ULTIMATE	EVOLVE	EVOLVE	TRUE	50	シネマティック	サンプルインストゥルメント
10	ULTIMATE	EVOLVE MUTATIONS	EVOLVE MUTATIONS	TRUE	51	シネマティック	サンプルインストゥルメント
10	ULTIMATE	EVOLVE MUTATIONS 2	EVOLVE MUTATIONS 2	TRUE	52	シネマティック	サンプルインストゥルメント
10	ULTIMATE	GEORGE DUKE SOUL TREASURES	GEORGE DUKE SOUL TREASURES	TRUE	57	エレクトロニックピアノ&オルガン	サンプルインストゥルメント
10	ULTIMATE	KINETIC METAL*	KINETIC METAL	TRUE	73	シネマティック	サンプルインストゥルメント
10	ULTIMATE	KONTOUR*	KONTOUR	TRUE	79		シンセサイザー
10	ULTIMATE	MASCHINE DRUM SELECTION	MASCHINE DRUM SELECTION	TRUE	91	ドラム＆パーカッション	サンプルインストゥルメント
10	ULTIMATE	MOLEKULAR*	MOLEKULAR	TRUE	103	クリエイティブエフェクト	エフェクト
10	ULTIMATE	MONARK	MONARK	TRUE	105		シンセサイザー
10	ULTIMATE	POLYPLEX*	POLYPLEX	TRUE	116		クリエイティブサンプラー
10	ULTIMATE	VARI COMP	VARI COMP	TRUE	200	スタジオエフェクト	エフェクト
10	ULTIMATE	ENHANCED EQ	ENHANCED EQ	TRUE	48	スタジオエフェクト	エフェクト
10	ULTIMATE	PASSIVE EQ	PASSIVE EQ	TRUE	112	スタジオエフェクト	エフェクト
10	ULTIMATE	RAMMFIRE	RAMMFIRE	TRUE	210	クリエイティブエフェクト	エフェクト
10	ULTIMATE	RAZOR	RAZOR	TRUE	124		シンセサイザー
10	ULTIMATE	RC 48	RC 48	TRUE	126	クリエイティブエフェクト	エフェクト
10	ULTIMATE	RC 24	RC 24	TRUE	125	クリエイティブエフェクト	エフェクト
10	ULTIMATE	REAKTOR PRISM	REAKTOR PRISM	TRUE	129		シンセサイザー
10	ULTIMATE	REAKTOR SPARK	REAKTOR SPARK	TRUE	130		シンセサイザー
10	ULTIMATE	REFLEKTOR	REFLEKTOR	TRUE	213	クリエイティブエフェクト	エフェクト
10	ULTIMATE	RETRO MACHINES MK2	RETRO MACHINES MK2	TRUE	133		シンセサイザー
10	ULTIMATE	RISE & HIT*	RISE & HIT	TRUE	134	シネマティック	サンプルインストゥルメント
10	ULTIMATE	ROUNDS*	ROUNDS	TRUE	136		シンセサイザー
10	ULTIMATE	SCARBEE A200	SCARBEE A200	TRUE	138	エレクトロニックピアノ&オルガン	サンプルインストゥルメント
10	ULTIMATE	SCARBEE MARK I	SCARBEE MARK I	TRUE	142	エレクトロニックピアノ&オルガン	サンプルインストゥルメント
10	ULTIMATE	SCARBEE CLAVINET/PIANET	SCARBEE CLAVINET/PIANET	TRUE	139	エレクトロニックピアノ&オルガン	サンプルインストゥルメント
10	ULTIMATE	SCARBEE FUNK GUITARIST	SCARBEE FUNK GUITARIST	TRUE	140	アコースティック&エレクトリックギター	サンプルインストゥルメント
10	ULTIMATE	SCARBEE JAY-BASS	SCARBEE JAY-BASS	TRUE	141	エレクトリックベース	サンプルインストゥルメント
10	ULTIMATE	SCARBEE MM- BASS	SCARBEE MM BASS	FALSE	143	エレクトリックベース	サンプルインストゥルメント
10	ULTIMATE	SCARBEE MM-BASS AMPED	SCARBEE MM-BASS AMPED	TRUE	144	エレクトリックベース	サンプルインストゥルメント
10	ULTIMATE	SCARBEE PRE-BASS	SCARBEE PRE-BASS	TRUE	145	エレクトリックベース	サンプルインストゥルメント
10	ULTIMATE	SCARBEE PRE-BASS AMPED	SCARBEE PRE-BASS AMPED	TRUE	146	エレクトリックベース	サンプルインストゥルメント
10	ULTIMATE	SCARBEE RICKENBACKER BASS	SCARBEE RICKENBACKER BASS	TRUE	147	エレクトリックベース	サンプルインストゥルメント
10	ULTIMATE	SESSION HORNS PRO*	SESSION HORNS PRO	TRUE	155	コンテンポラリーストリング&ホーン	サンプルインストゥルメント
10	ULTIMATE	SESSION STRINGS PRO	SESSION STRINGS PRO	TRUE	220	コンテンポラリーストリング&ホーン	サンプルインストゥルメント
10	ULTIMATE	SKANNER XT	SKANNER XT	TRUE	159		シンセサイザー
10	ULTIMATE	SOLID EQ	SOLID EQ	TRUE	163	スタジオエフェクト	エフェクト
10	ULTIMATE	SOLID BUS COMP	SOLID BUS COMP	TRUE	161	スタジオエフェクト	エフェクト
10	ULTIMATE	SOLID DYNAMICS	SOLID DYNAMICS	TRUE	162	スタジオエフェクト	エフェクト
10	ULTIMATE	STUDIO DRUMMER	STUDIO DRUMMER	TRUE	171	ドラム＆パーカッション	サンプルインストゥルメント
10	ULTIMATE	SUPERCHARGER GT*	SUPERCHARGER GT	TRUE	174	スタジオエフェクト	エフェクト
10	ULTIMATE	THE FINGER	THE FINGER	TRUE	187	クリエイティブエフェクト	エフェクト
10	ULTIMATE	THE MOUTH	THE MOUTH	TRUE	192	クリエイティブエフェクト	エフェクト
10	ULTIMATE	THE GIANT	THE GIANT	TRUE	189	アコースティックピアノ	サンプルインストゥルメント
10	ULTIMATE	THE GENTLEMAN*	THE GENTLEMAN	TRUE	188	アコースティックピアノ	サンプルインストゥルメント
10	ULTIMATE	THE GRANDEUR*	THE GRANDEUR	TRUE	190	アコースティックピアノ	サンプルインストゥルメント
10	ULTIMATE	THE MAVERICK*	THE MAVERICK	TRUE	191	アコースティックピアノ	サンプルインストゥルメント
10	ULTIMATE	TRAKTOR’S 12	TRAKTOR'S 12	TRUE	212	クリエイティブエフェクト	エフェクト
10	ULTIMATE	TRANSIENT MASTER	TRANSIENT MASTER	TRUE	195	スタジオエフェクト	エフェクト
10	ULTIMATE	VC 76	VC 76	TRUE	203	スタジオエフェクト	エフェクト
10	ULTIMATE	VC 2A	VC 2A	TRUE	202	スタジオエフェクト	エフェクト
10	ULTIMATE	VC 160	VC 160	TRUE	201	スタジオエフェクト	エフェクト
10	ULTIMATE	VINTAGE ORGANS	VINTAGE ORGANS	TRUE	206	エレクトロニックピアノ&オルガン	サンプルインストゥルメント
10	ULTIMATE	WEST AFRICA	WEST AFRICA	TRUE	208	ワールドインストゥルメント	サンプルインストゥルメント
				TRUE			
11	NORMAL	KONTAKT 5	KONTAKT 5	TRUE	76		プラットフォーム
11	NORMAL	REAKTOR 6*	REAKTOR 6	TRUE	127		プラットフォーム
11	NORMAL	ABSYNTH 5	ABSYNTH 5	TRUE	7		シンセサイザー
11	NORMAL	FM8	FM8	TRUE	55		シンセサイザー
11	NORMAL	FORM*	FORM	TRUE	56		シンセサイザー
11	NORMAL	KONTOUR	KONTOUR	TRUE	79		シンセサイザー
11	NORMAL	MASSIVE	MASSIVE	TRUE	92		シンセサイザー
11	NORMAL	MONARK	MONARK	TRUE	105		シンセサイザー
11	NORMAL	RAZOR	RAZOR	TRUE	124		シンセサイザー
11	NORMAL	REAKTOR PRISM	REAKTOR PRISM	TRUE	129		シンセサイザー
11	NORMAL	REAKTOR SPARK	REAKTOR SPARK	TRUE	130		シンセサイザー
11	NORMAL	RETRO MACHINES MK2	RETRO MACHINES MK2	TRUE	133		シンセサイザー
11	NORMAL	ROUNDS	ROUNDS	TRUE	136		シンセサイザー
11	NORMAL	BATTERY 4	BATTERY 4	TRUE	24		クリエイティブサンプラー
11	NORMAL	POLYPLEX	POLYPLEX	TRUE	116		クリエイティブサンプラー
11	NORMAL	ABBEY ROAD | 60S DRUMMER	ABBEY ROAD 60S DRUMMER	FALSE	2	ドラム＆パーカッション	サンプルインストゥルメント
11	NORMAL	DRUMLAB	DRUMLAB	TRUE	45	ドラム＆パーカッション	サンプルインストゥルメント
11	NORMAL	STUDIO DRUMMER	STUDIO DRUMMER	TRUE	171	ドラム＆パーカッション	サンプルインストゥルメント
11	NORMAL	BALINESE GAMELAN	BALINESE GAMELAN	TRUE	22	ワールドインストゥルメント	サンプルインストゥルメント
11	NORMAL	INDIA*	INDIA	TRUE	69	ワールドインストゥルメント	サンプルインストゥルメント
11	NORMAL	WEST AFRICA	WEST AFRICA	TRUE	208	ワールドインストゥルメント	サンプルインストゥルメント
11	NORMAL	THE GENTLEMAN	THE GENTLEMAN	TRUE	188	アコースティックピアノ	サンプルインストゥルメント
11	NORMAL	THE GIANT	THE GIANT	TRUE	189	アコースティックピアノ	サンプルインストゥルメント
11	NORMAL	THE GRANDEUR	THE GRANDEUR	TRUE	190	アコースティックピアノ	サンプルインストゥルメント
11	NORMAL	THE MAVERICK	THE MAVERICK	TRUE	191	アコースティックピアノ	サンプルインストゥルメント
11	NORMAL	UNA CORDA*	UNA CORDA	TRUE	199	アコースティックピアノ	サンプルインストゥルメント
11	NORMAL	SCARBEE A-200	SCARBEE A-200	TRUE	218	エレクトロニックピアノ&オルガン	サンプルインストゥルメント
11	NORMAL	SCARBEE CLAVINET/PIANET	SCARBEE CLAVINET/PIANET	TRUE	139	エレクトロニックピアノ&オルガン	サンプルインストゥルメント
11	NORMAL	SCARBEE MARK I	SCARBEE MARK I	TRUE	142	エレクトロニックピアノ&オルガン	サンプルインストゥルメント
11	NORMAL	VINTAGE ORGANS	VINTAGE ORGANS	TRUE	206	エレクトロニックピアノ&オルガン	サンプルインストゥルメント
11	NORMAL	STRUMMED ACOUSTIC*	SESSION GUITARIST - STRUMMED ACOUSTIC	FALSE	152	アコースティック&エレクトリックギター	サンプルインストゥルメント
11	NORMAL	SCARBEE MM-BASS	SCARBEE MM BASS	FALSE	143	エレクトリックベース	サンプルインストゥルメント
11	NORMAL	SESSION HORNS	SESSION HORNS	TRUE	154	コンテンポラリーストリング&ホーン	サンプルインストゥルメント
11	NORMAL	SESSION STRINGS	SESSION STRINGS	TRUE	219	コンテンポラリーストリング&ホーン	サンプルインストゥルメント
11	NORMAL	KINETIC METAL*	KINETIC METAL	TRUE	73	シネマティック	サンプルインストゥルメント
11	NORMAL	SOLID BUS COMP	SOLID BUS COMP	TRUE	161	スタジオエフェクト	エフェクト
11	NORMAL	SOLID DYNAMICS	SOLID DYNAMICS	TRUE	162	スタジオエフェクト	エフェクト
11	NORMAL	SOLID EQ	SOLID EQ	TRUE	163	スタジオエフェクト	エフェクト
11	NORMAL	SUPERCHARGER	SUPERCHARGER	TRUE	173	スタジオエフェクト	エフェクト
11	NORMAL	TRANSIENT MASTER	TRANSIENT MASTER	TRUE	195	スタジオエフェクト	エフェクト
11	NORMAL	DRIVER	DRIVER	TRUE	43	クリエイティブエフェクト	エフェクト
11	NORMAL	GUITAR RIG 5 PRO	GUITAR RIG 5 PRO	TRUE	62	クリエイティブエフェクト	エフェクト
11	NORMAL	RAMMFIRE	RAMMFIRE	TRUE	210	クリエイティブエフェクト	エフェクト
11	NORMAL	REFLEKTOR	REFLEKTOR	TRUE	213	クリエイティブエフェクト	エフェクト
11	NORMAL	REPLIKA*	REPLIKA	TRUE	131	クリエイティブエフェクト	エフェクト
11	NORMAL	THE FINGER	THE FINGER	TRUE	187	クリエイティブエフェクト	エフェクト
11	NORMAL	THE MOUTH	THE MOUTH	TRUE	192	クリエイティブエフェクト	エフェクト
11	NORMAL	TRAKTOR’S 12	TRAKTOR'S 12	TRUE	212	クリエイティブエフェクト	エフェクト
				TRUE			
11	ULTIMATE	KONTAKT 5	KONTAKT 5	TRUE	76		プラットフォーム
11	ULTIMATE	REAKTOR 6*	REAKTOR 6	TRUE	127		プラットフォーム
11	ULTIMATE	ABSYNTH 5	ABSYNTH 5	TRUE	7		シンセサイザー
11	ULTIMATE	FM8	FM8	TRUE	55		シンセサイザー
11	ULTIMATE	FORM*	FORM	TRUE	56		シンセサイザー
11	ULTIMATE	KONTOUR	KONTOUR	TRUE	79		シンセサイザー
11	ULTIMATE	MASSIVE	MASSIVE	TRUE	92		シンセサイザー
11	ULTIMATE	MONARK	MONARK	TRUE	105		シンセサイザー
11	ULTIMATE	RAZOR	RAZOR	TRUE	124		シンセサイザー
11	ULTIMATE	REAKTOR PRISM	REAKTOR PRISM	TRUE	129		シンセサイザー
11	ULTIMATE	REAKTOR SPARK	REAKTOR SPARK	TRUE	130		シンセサイザー
11	ULTIMATE	RETRO MACHINES MK2	RETRO MACHINES MK2	TRUE	133		シンセサイザー
11	ULTIMATE	ROUNDS	ROUNDS	TRUE	136		シンセサイザー
11	ULTIMATE	SKANNER XT	SKANNER XT	TRUE	159		シンセサイザー
11	ULTIMATE	BATTERY 4	BATTERY 4	TRUE	24		クリエイティブサンプラー
11	ULTIMATE	FLESH*	FLESH	TRUE	54		クリエイティブサンプラー
11	ULTIMATE	POLYPLEX	POLYPLEX	TRUE	116		クリエイティブサンプラー
11	ULTIMATE	ABBEY ROAD VINTAGE DRUMMER	ABBEY ROAD VINTAGE DRUMMER	TRUE	6	ドラム＆パーカッション	サンプルインストゥルメント
11	ULTIMATE	ABBEY ROAD I 50S DRUMMER	ABBEY ROAD 50S DRUMMER	FALSE	1	ドラム＆パーカッション	サンプルインストゥルメント
11	ULTIMATE	ABBEY ROAD I 60S DRUMMER	ABBEY ROAD 60S DRUMMER	FALSE	2	ドラム＆パーカッション	サンプルインストゥルメント
11	ULTIMATE	ABBEY ROAD I 70S DRUMMER	ABBEY ROAD 70S DRUMMER	FALSE	3	ドラム＆パーカッション	サンプルインストゥルメント
11	ULTIMATE	ABBEY ROAD I 80S DRUMMER	ABBEY ROAD 80S DRUMMER	FALSE	4	ドラム＆パーカッション	サンプルインストゥルメント
11	ULTIMATE	ABBEY ROAD MODERN DRUMMER	ABBEY ROAD MODERN DRUMMER	TRUE	5	ドラム＆パーカッション	サンプルインストゥルメント
11	ULTIMATE	DRUMLAB	DRUMLAB	TRUE	45	ドラム＆パーカッション	サンプルインストゥルメント
11	ULTIMATE	MASCHINE DRUM SELECTION	MASCHINE DRUM SELECTION	TRUE	91	ドラム＆パーカッション	サンプルインストゥルメント
11	ULTIMATE	STUDIO DRUMMER	STUDIO DRUMMER	TRUE	171	ドラム＆パーカッション	サンプルインストゥルメント
11	ULTIMATE	BALINESE GAMELAN	BALINESE GAMELAN	TRUE	22	ワールドインストゥルメント	サンプルインストゥルメント
11	ULTIMATE	CUBA	CUBA	TRUE	37	ワールドインストゥルメント	サンプルインストゥルメント
11	ULTIMATE	INDIA*	INDIA	TRUE	69	ワールドインストゥルメント	サンプルインストゥルメント
11	ULTIMATE	WEST AFRICA	WEST AFRICA	TRUE	208	ワールドインストゥルメント	サンプルインストゥルメント
11	ULTIMATE	ALICIA'S KEYS	ALICIA'S KEYS	TRUE	10	アコースティックピアノ	サンプルインストゥルメント
11	ULTIMATE	THE GENTLEMAN	THE GENTLEMAN	TRUE	188	アコースティックピアノ	サンプルインストゥルメント
11	ULTIMATE	THE GIANT	THE GIANT	TRUE	189	アコースティックピアノ	サンプルインストゥルメント
11	ULTIMATE	THE GRANDEUR	THE GRANDEUR	TRUE	190	アコースティックピアノ	サンプルインストゥルメント
11	ULTIMATE	THE MAVERICK	THE MAVERICK	TRUE	191	アコースティックピアノ	サンプルインストゥルメント
11	ULTIMATE	UNA CORDA*	UNA CORDA	TRUE	199	アコースティックピアノ	サンプルインストゥルメント
11	ULTIMATE	GEORGE DUKE SOUL TREASURES	GEORGE DUKE SOUL TREASURES	TRUE	57	エレクトロニックピアノ&オルガン	サンプルインストゥルメント
11	ULTIMATE	SCARBEE A-200	SCARBEE A-200	TRUE	218	エレクトロニックピアノ&オルガン	サンプルインストゥルメント
11	ULTIMATE	SCARBEE CLAVINET/PIANET	SCARBEE CLAVINET/PIANET	TRUE	139	エレクトロニックピアノ&オルガン	サンプルインストゥルメント
11	ULTIMATE	SCARBEE MARK I	SCARBEE MARK I	TRUE	142	エレクトロニックピアノ&オルガン	サンプルインストゥルメント
11	ULTIMATE	VINTAGE ORGANS	VINTAGE ORGANS	TRUE	206	エレクトロニックピアノ&オルガン	サンプルインストゥルメント
11	ULTIMATE	SCARBEE FUNK GUITARIST	SCARBEE FUNK GUITARIST	TRUE	140	アコースティック&エレクトリックギター	サンプルインストゥルメント
11	ULTIMATE	STRUMMED ACOUSTIC*	SESSION GUITARIST - STRUMMED ACOUSTIC	FALSE	152	アコースティック&エレクトリックギター	サンプルインストゥルメント
11	ULTIMATE	SCARBEE RICKENBACKER BASS	SCARBEE RICKENBACKER BASS	TRUE	147	エレクトリックベース	サンプルインストゥルメント
11	ULTIMATE	SCARBEE JAY-BASS	SCARBEE JAY-BASS	TRUE	141	エレクトリックベース	サンプルインストゥルメント
11	ULTIMATE	SCARBEE MM BASS, MM BASS AMPED	SCARBEE MM BASS	FALSE	143	エレクトリックベース	サンプルインストゥルメント
11	ULTIMATE		SCARBEE MM-BASS AMPED	TRUE	144	エレクトリックベース	サンプルインストゥルメント
11	ULTIMATE		SCARBEE PRE-BASS	TRUE	145	エレクトリックベース	サンプルインストゥルメント
11	ULTIMATE	SCARBEE PRE-BASS, PRE-BASS AMPED	SCARBEE PRE-BASS AMPED	FALSE	146	エレクトリックベース	サンプルインストゥルメント
11	ULTIMATE	SESSION HORNS PRO	SESSION HORNS PRO	TRUE	155	コンテンポラリーストリング&ホーン	サンプルインストゥルメント
11	ULTIMATE	SESSION STRINGS PRO	SESSION STRINGS PRO	TRUE	220	コンテンポラリーストリング&ホーン	サンプルインストゥルメント
11	ULTIMATE	SYMPHONY ESSENTIALS:- STRING ENSEMBLE*	SYMPHONY ESSENTIALS - STRING ENSEMBLE	FALSE	177	クラシカルインストゥルメント	サンプルインストゥルメント
11	ULTIMATE	- BRASS SOLO*	SYMPHONY ESSENTIALS - BRASS SOLO	FALSE	175	クラシカルインストゥルメント	サンプルインストゥルメント
11	ULTIMATE	- BRASS ENSEMBLE*	SYMPHONY ESSENTIALS BRASS ENSEMBLE	FALSE	178	クラシカルインストゥルメント	サンプルインストゥルメント
11	ULTIMATE	- WOODWIND SOLO*	SYMPHONY ESSENTIALS WOODWIND SOLO	FALSE	180	クラシカルインストゥルメント	サンプルインストゥルメント
11	ULTIMATE	- WOODWIND ENSEMBLE*	SYMPHONY ESSENTIALS WOODWIND ENSEMBLE	FALSE	179	クラシカルインストゥルメント	サンプルインストゥルメント
11	ULTIMATE	ACTION STRIKES	ACTION STRIKES	TRUE	8	シネマティック	サンプルインストゥルメント
11	ULTIMATE	ACTION STRINGS	ACTION STRINGS	TRUE	9	シネマティック	サンプルインストゥルメント
11	ULTIMATE	DAMAGE	DAMAGE	TRUE	38	シネマティック	サンプルインストゥルメント
11	ULTIMATE	EVOLVE	EVOLVE	TRUE	50	シネマティック	サンプルインストゥルメント
11	ULTIMATE	EVOLVE MUTATIONS	EVOLVE MUTATIONS	TRUE	51	シネマティック	サンプルインストゥルメント
11	ULTIMATE	EVOLVE MUTATIONS 2	EVOLVE MUTATIONS 2	TRUE	52	シネマティック	サンプルインストゥルメント
11	ULTIMATE	EMOTIVE STRINGS*	EMOTIVE STRINGS	TRUE	47	シネマティック	サンプルインストゥルメント
11	ULTIMATE	KINETIC METAL	KINETIC METAL	TRUE	73	シネマティック	サンプルインストゥルメント
11	ULTIMATE	RISE & HIT	RISE & HIT	TRUE	134	シネマティック	サンプルインストゥルメント
11	ULTIMATE	ENHANCED EQ	ENHANCED EQ	TRUE	48	スタジオエフェクト	エフェクト
11	ULTIMATE	PASSIVE EQ	PASSIVE EQ	TRUE	112	スタジオエフェクト	エフェクト
11	ULTIMATE	SOLID BUS COMP	SOLID BUS COMP	TRUE	161	スタジオエフェクト	エフェクト
11	ULTIMATE	SOLID DYNAMICS	SOLID DYNAMICS	TRUE	162	スタジオエフェクト	エフェクト
11	ULTIMATE	SOLID EQ	SOLID EQ	TRUE	163	スタジオエフェクト	エフェクト
11	ULTIMATE	SUPERCHARGER GT	SUPERCHARGER GT	TRUE	174	スタジオエフェクト	エフェクト
11	ULTIMATE	TRANSIENT MASTER	TRANSIENT MASTER	TRUE	195	スタジオエフェクト	エフェクト
11	ULTIMATE	VARI COMP	VARI COMP	TRUE	200	スタジオエフェクト	エフェクト
11	ULTIMATE	VC 160, VC 2A, VC 76	VC 160	FALSE	201	スタジオエフェクト	エフェクト
11	ULTIMATE		VC 2A	TRUE	202	スタジオエフェクト	エフェクト
11	ULTIMATE		VC 76	TRUE	203	スタジオエフェクト	エフェクト
11	ULTIMATE	DRIVER	DRIVER	TRUE	43	クリエイティブエフェクト	エフェクト
11	ULTIMATE	GUITAR RIG 5 PRO	GUITAR RIG 5 PRO	TRUE	62	クリエイティブエフェクト	エフェクト
11	ULTIMATE	MOLEKULAR	MOLEKULAR	TRUE	103	クリエイティブエフェクト	エフェクト
11	ULTIMATE	RAMMFIRE	RAMMFIRE	TRUE	210	クリエイティブエフェクト	エフェクト
11	ULTIMATE	RC 24, RC 48	RC 24	FALSE	125	クリエイティブエフェクト	エフェクト
11	ULTIMATE		RC 48	TRUE	126	クリエイティブエフェクト	エフェクト
11	ULTIMATE	REFLEKTOR	REFLEKTOR	TRUE	213	クリエイティブエフェクト	エフェクト
11	ULTIMATE	REPLIKA XT*	REPLIKA XT	TRUE	132	クリエイティブエフェクト	エフェクト
11	ULTIMATE	THE FINGER	THE FINGER	TRUE	187	クリエイティブエフェクト	エフェクト
11	ULTIMATE	THE MOUTH	THE MOUTH	TRUE	192	クリエイティブエフェクト	エフェクト
11	ULTIMATE	TRAKTOR’S 12	TRAKTOR'S 12	TRUE	212	クリエイティブエフェクト	エフェクト
				TRUE			
12	NORMAL	KOMPLETE KONTROL Software	KOMPLETE KONTROLソフトウェア	FALSE	75		プラットフォーム
12	NORMAL	REAKTOR 6 (+ REAKTOR BLOCKS)	REAKTOR 6 (+ REAKTOR BLOCKS)	TRUE	226		プラットフォーム
12	NORMAL	KONTAKT 6*	KONTAKT 6	TRUE	77		プラットフォーム
12	NORMAL	MASSIVE X*	MASSIVE X	TRUE	93		シンセサイザー
12	NORMAL	TRK-01*	TRK-01	TRUE	197		シンセサイザー
12	NORMAL	FORM	FORM	TRUE	56		シンセサイザー
12	NORMAL	ROUNDS	ROUNDS	TRUE	136		シンセサイザー
12	NORMAL	KONTOUR	KONTOUR	TRUE	79		シンセサイザー
12	NORMAL	MASSIVE	MASSIVE	TRUE	92		シンセサイザー
12	NORMAL	MONARK	MONARK	TRUE	105		シンセサイザー
12	NORMAL	ABSYNTH 5	ABSYNTH 5	TRUE	7		シンセサイザー
12	NORMAL	FM8	FM8	TRUE	55		シンセサイザー
12	NORMAL	REAKTOR PRISM	REAKTOR PRISM	TRUE	129		シンセサイザー
12	NORMAL	REAKTOR SPARK	REAKTOR SPARK	TRUE	130		シンセサイザー
12	NORMAL	RETRO MACHINES MK2	RETRO MACHINES MK2	TRUE	133		シンセサイザー
12	NORMAL	POLYPLEX	POLYPLEX	TRUE	116		クリエイティブサンプラー
12	NORMAL	BATTERY 4	BATTERY 4	TRUE	24		クリエイティブサンプラー
12	NORMAL	UNA CORDA	UNA CORDA	TRUE	199	アコースティックピアノ	サンプルインストゥルメント
12	NORMAL	THE GRANDEUR	THE GRANDEUR	TRUE	190	アコースティックピアノ	サンプルインストゥルメント
12	NORMAL	THE MAVERICK	THE MAVERICK	TRUE	191	アコースティックピアノ	サンプルインストゥルメント
12	NORMAL	THE GENTLEMAN	THE GENTLEMAN	TRUE	188	アコースティックピアノ	サンプルインストゥルメント
12	NORMAL	THE GIANT	THE GIANT	TRUE	189	アコースティックピアノ	サンプルインストゥルメント
12	NORMAL	DRUMLAB	DRUMLAB	TRUE	45	ドラム＆パーカッション	サンプルインストゥルメント
12	NORMAL	ABBEY ROAD 60s DRUMMER	ABBEY ROAD 60s DRUMMER	TRUE	2	ドラム＆パーカッション	サンプルインストゥルメント
12	NORMAL	STUDIO DRUMMER	STUDIO DRUMMER	TRUE	171	ドラム＆パーカッション	サンプルインストゥルメント
12	NORMAL	DISCOVERY SERIES: MIDDLE EAST*	DISCOVERY SERIES: MIDDLE EAST	TRUE	223	ワールドインストゥルメント	サンプルインストゥルメント
12	NORMAL	DISCOVERY SERIES: INDIA	DISCOVERY SERIES: INDIA	TRUE	224	ワールドインストゥルメント	サンプルインストゥルメント
12	NORMAL	DISCOVERY SERIES: WEST AFRICA	DISCOVERY SERIES: WEST AFRICA	TRUE	225	ワールドインストゥルメント	サンプルインストゥルメント
12	NORMAL	VINTAGE ORGANS	VINTAGE ORGANS	TRUE	206	エレクトロニックピアノ&オルガン	サンプルインストゥルメント
12	NORMAL	SCARBEE A200	SCARBEE A200	TRUE	138	エレクトロニックピアノ&オルガン	サンプルインストゥルメント
12	NORMAL	SCARBEE MARK I	SCARBEE MARK I	TRUE	142	エレクトロニックピアノ&オルガン	サンプルインストゥルメント
12	NORMAL	SCARBEE CLAVINET/PIANET	SCARBEE CLAVINET/PIANET	TRUE	139	エレクトロニックピアノ&オルガン	サンプルインストゥルメント
12	NORMAL	SESSION GUITARIST - STRUMMED ACOUSTIC	SESSION GUITARIST - STRUMMED ACOUSTIC	TRUE	152	アコースティック&エレクトリックギター	サンプルインストゥルメント
12	NORMAL	SCARBEE RICKENBACKER BASS*	SCARBEE RICKENBACKER BASS	TRUE	147	エレクトリックベース	サンプルインストゥルメント
12	NORMAL	SCARBEE MM BASS	SCARBEE MM BASS	TRUE	143	エレクトリックベース	サンプルインストゥルメント
12	NORMAL	SESSION STRINGS 2*	SESSION STRINGS 2	TRUE	156	コンテンポラリーストリング&ホーン	サンプルインストゥルメント
12	NORMAL	SESSION HORNS	SESSION HORNS	TRUE	154	コンテンポラリーストリング&ホーン	サンプルインストゥルメント
12	NORMAL	KINETIC METAL*	KINETIC METAL	TRUE	73	シネマティック	サンプルインストゥルメント
12	NORMAL	ANALOG DREAM*	ANALOG DREAMS	FALSE	13	Play Seriesインストゥルメント	サンプルインストゥルメント
12	NORMAL	ETHEREAL EARTH*	ETHEREAL EARTH	TRUE	49	Play Seriesインストゥルメント	サンプルインストゥルメント
12	NORMAL	HYBRID KEYS*	HYBRID KEYS	TRUE	67	Play Seriesインストゥルメント	サンプルインストゥルメント
12	NORMAL	SUPERCHARGER	SUPERCHARGER	TRUE	173	スタジオエフェクト	エフェクト
12	NORMAL	TRANSIENT MASTER	TRANSIENT MASTER	TRUE	195	スタジオエフェクト	エフェクト
12	NORMAL	SOLID EQ	SOLID EQ	TRUE	163	スタジオエフェクト	エフェクト
12	NORMAL	SOLID BUS COMP	SOLID BUS COMP	TRUE	161	スタジオエフェクト	エフェクト
12	NORMAL	SOLID DYNAMICS	SOLID DYNAMICS	TRUE	162	スタジオエフェクト	エフェクト
12	NORMAL	MOD PACK - PHASIS*	MOD PACK - PHASIS	TRUE	100	クリエイティブエフェクト	エフェクト
12	NORMAL	MOD PACK - CHORAL*	MOD PACK - CHORAL	TRUE	98	クリエイティブエフェクト	エフェクト
12	NORMAL	MOD PACK - FLAIR*	MOD PACK - FLAIR	TRUE	99	クリエイティブエフェクト	エフェクト
12	NORMAL	REPLIKA	REPLIKA	TRUE	131	クリエイティブエフェクト	エフェクト
12	NORMAL	GUITAR RIG 5 PRO	GUITAR RIG 5 PRO	TRUE	62	クリエイティブエフェクト	エフェクト
12	NORMAL	RAMMFIRE	RAMMFIRE	TRUE	210	クリエイティブエフェクト	エフェクト
12	NORMAL	DRIVER	DRIVER	TRUE	43	クリエイティブエフェクト	エフェクト
12	NORMAL	THE FINGER	THE FINGER	TRUE	187	クリエイティブエフェクト	エフェクト
12	NORMAL	REFLEKTOR	REFLEKTOR	TRUE	213	クリエイティブエフェクト	エフェクト
12	NORMAL	TRAKTOR ́S 12	TRAKTOR'S 12	FALSE	212	クリエイティブエフェクト	エフェクト
12	NORMAL	TRUE SCHOOL	TRUE SCHOOL	TRUE	198	Expansions	EXPANSIONS
12	NORMAL	VELVET LOUNGE	VELVET LOUNGE	TRUE	204	Expansions	EXPANSIONS
12	NORMAL	DEEP MATTER	DEEP MATTER	TRUE	40	Expansions	EXPANSIONS
12	NORMAL	HALCYON SKY	HALCYON SKY	TRUE	64	Expansions	EXPANSIONS
12	NORMAL	LUCID MISSION	LUCID MISSION	TRUE	86	Expansions	EXPANSIONS
12	NORMAL	NEON DRIVE	NEON DRIVE	TRUE	108	Expansions	EXPANSIONS
12	NORMAL	QUEENSBRIDGE STORY	QUEENSBRIDGE STORY	TRUE	121	Expansions	EXPANSIONS
12	NORMAL	MOLTEN VEIL	MOLTEN VEIL	TRUE	104	Expansions	EXPANSIONS
12	NORMAL	ELASTIC THUMP	ELASTIC THUMP	TRUE	46	Expansions	EXPANSIONS
12	NORMAL	LONDON GRIT	LONDON GRIT	TRUE	84	Expansions	EXPANSIONS
				TRUE			
12	ULTIMATE	KONTAKT 6*	KONTAKT 6	TRUE	77		プラットフォーム
12	ULTIMATE	REAKTOR 6	REAKTOR 6	TRUE	127		プラットフォーム
12	ULTIMATE	MASSIVE X*	MASSIVE X	TRUE	93		シンセサイザー
12	ULTIMATE	TRK-01*	TRK-01	TRUE	197		シンセサイザー
12	ULTIMATE	ABSYNTH 5	ABSYNTH 5	TRUE	7		シンセサイザー
12	ULTIMATE	FM8	FM8	TRUE	55		シンセサイザー
12	ULTIMATE	FORM	FORM	TRUE	56		シンセサイザー
12	ULTIMATE	KONTOUR	KONTOUR	TRUE	79		シンセサイザー
12	ULTIMATE	MASSIVE	MASSIVE	TRUE	92		シンセサイザー
12	ULTIMATE	MONARK	MONARK	TRUE	105		シンセサイザー
12	ULTIMATE	REAKTOR PRISM	REAKTOR PRISM	TRUE	129		シンセサイザー
12	ULTIMATE	REAKTOR SPARK	REAKTOR SPARK	TRUE	130		シンセサイザー
12	ULTIMATE	RETRO MACHINES MK2	RETRO MACHINES MK2	TRUE	133		シンセサイザー
12	ULTIMATE	ROUNDS	ROUNDS	TRUE	136		シンセサイザー
12	ULTIMATE	SKANNER XT	SKANNER XT	TRUE	159		シンセサイザー
12	ULTIMATE	ANALOG DREAM*	ANALOG DREAMS	FALSE	13	Play Seriesインストゥルメント	サンプルインストゥルメント
12	ULTIMATE	ETHEREAL EARTH*	ETHEREAL EARTH	TRUE	49	Play Seriesインストゥルメント	サンプルインストゥルメント
12	ULTIMATE	HYBRID KEYS*	HYBRID KEYS	TRUE	67	Play Seriesインストゥルメント	サンプルインストゥルメント
12	ULTIMATE	BATTERY 4	BATTERY 4	TRUE	24		クリエイティブサンプラー
12	ULTIMATE	FLESH	FLESH	TRUE	54		クリエイティブサンプラー
12	ULTIMATE	POLYPLEX	POLYPLEX	TRUE	116		クリエイティブサンプラー
12	ULTIMATE	ABBEY ROAD VINTAGE DRUMMER	ABBEY ROAD VINTAGE DRUMMER	TRUE	6	ドラム＆パーカッション	サンプルインストゥルメント
12	ULTIMATE	ABBEY ROAD 50S DRUMMER	ABBEY ROAD 50S DRUMMER	TRUE	1	ドラム＆パーカッション	サンプルインストゥルメント
12	ULTIMATE	ABBEY ROAD 60S DRUMMER	ABBEY ROAD 60S DRUMMER	TRUE	2	ドラム＆パーカッション	サンプルインストゥルメント
12	ULTIMATE	ABBEY ROAD 70S DRUMMER	ABBEY ROAD 70S DRUMMER	TRUE	3	ドラム＆パーカッション	サンプルインストゥルメント
12	ULTIMATE	ABBEY ROAD 80S DRUMMER	ABBEY ROAD 80S DRUMMER	TRUE	4	ドラム＆パーカッション	サンプルインストゥルメント
12	ULTIMATE	ABBEY ROAD MODERN DRUMMER	ABBEY ROAD MODERN DRUMMER	TRUE	5	ドラム＆パーカッション	サンプルインストゥルメント
12	ULTIMATE	DRUMLAB	DRUMLAB	TRUE	45	ドラム＆パーカッション	サンプルインストゥルメント
12	ULTIMATE	MASCHINE DRUM SELECTION	MASCHINE DRUM SELECTION	TRUE	91	ドラム＆パーカッション	サンプルインストゥルメント
12	ULTIMATE	STUDIO DRUMMER	STUDIO DRUMMER	TRUE	171	ドラム＆パーカッション	サンプルインストゥルメント
12	ULTIMATE	MIDDLE EAST*	MIDDLE EAST	TRUE	96	ワールドインストゥルメント	サンプルインストゥルメント
12	ULTIMATE	BALINESE GAMELAN	BALINESE GAMELAN	TRUE	22	ワールドインストゥルメント	サンプルインストゥルメント
12	ULTIMATE	CUBA	CUBA	TRUE	37	ワールドインストゥルメント	サンプルインストゥルメント
12	ULTIMATE	INDIA	INDIA	TRUE	69	ワールドインストゥルメント	サンプルインストゥルメント
12	ULTIMATE	WEST AFRICA	WEST AFRICA	TRUE	208	ワールドインストゥルメント	サンプルインストゥルメント
12	ULTIMATE	ALICIA’S KEYS	ALICIA'S KEYS	TRUE	10	アコースティックピアノ	サンプルインストゥルメント
12	ULTIMATE	THE GENTLEMAN	THE GENTLEMAN	TRUE	188	アコースティックピアノ	サンプルインストゥルメント
12	ULTIMATE	THE GIANT	THE GIANT	TRUE	189	アコースティックピアノ	サンプルインストゥルメント
12	ULTIMATE	THE GRANDEUR	THE GRANDEUR	TRUE	190	アコースティックピアノ	サンプルインストゥルメント
12	ULTIMATE	THE MAVERICK	THE MAVERICK	TRUE	191	アコースティックピアノ	サンプルインストゥルメント
12	ULTIMATE	UNA CORDA	UNA CORDA	TRUE	199	アコースティックピアノ	サンプルインストゥルメント
12	ULTIMATE	GEORGE DUKE SOUL TREASURES	GEORGE DUKE SOUL TREASURES	TRUE	57	エレクトロニックピアノ&オルガン	サンプルインストゥルメント
12	ULTIMATE	SCARBEE A-200	SCARBEE A-200	TRUE	218	エレクトロニックピアノ&オルガン	サンプルインストゥルメント
12	ULTIMATE	SCARBEE CLAVINET/PIANET	SCARBEE CLAVINET/PIANET	TRUE	139	エレクトロニックピアノ&オルガン	サンプルインストゥルメント
12	ULTIMATE	SCARBEE MARK 1	SCARBEE MARK I	FALSE	142	エレクトロニックピアノ&オルガン	サンプルインストゥルメント
12	ULTIMATE	VINTAGE ORGANS	VINTAGE ORGANS	TRUE	206	エレクトロニックピアノ&オルガン	サンプルインストゥルメント
12	ULTIMATE	ELECTRIC SUNBURST*	SESSION GUITARIST - ELECTRIC SUNBURST	FALSE	149	アコースティック&エレクトリックギター	サンプルインストゥルメント
12	ULTIMATE	STRUMMED ACOUSTIC 2*	SESSION GUITARIST STRUMMED ACOUSTIC 2	FALSE	153	アコースティック&エレクトリックギター	サンプルインストゥルメント
12	ULTIMATE	STRUMMED ACOUSTIC	SESSION GUITARIST - STRUMMED ACOUSTIC	FALSE	152	アコースティック&エレクトリックギター	サンプルインストゥルメント
12	ULTIMATE	SCARBEE FUNK GUITARIST	SCARBEE FUNK GUITARIST	TRUE	140	アコースティック&エレクトリックギター	サンプルインストゥルメント
12	ULTIMATE	SCARBEE RICKENBACKER® BASS*	SCARBEE RICKENBACKER BASS	FALSE	147	エレクトリックベース	サンプルインストゥルメント
12	ULTIMATE	SCARBEE JAY BASS	SCARBEE JAY-BASS	FALSE	141	エレクトリックベース	サンプルインストゥルメント
12	ULTIMATE	SCARBEE MM-BASS	SCARBEE MM BASS	FALSE	143	エレクトリックベース	サンプルインストゥルメント
12	ULTIMATE	SCARBEE MM-BASS AMPED	SCARBEE MM-BASS AMPED	TRUE	144	エレクトリックベース	サンプルインストゥルメント
12	ULTIMATE	SCARBEE PRE-BASS	SCARBEE PRE-BASS	TRUE	145	エレクトリックベース	サンプルインストゥルメント
12	ULTIMATE	SCARBEE PRE-BASS AMPED	SCARBEE PRE-BASS AMPED	TRUE	146	エレクトリックベース	サンプルインストゥルメント
12	ULTIMATE	Symphony Essentials:-STRING ENSEMBLE*	SYMPHONY ESSENTIALS - STRING ENSEMBLE	FALSE	177	クラシカルインストゥルメント	サンプルインストゥルメント
12	ULTIMATE	BRASS SOLO*	SYMPHONY ESSENTIALS - BRASS SOLO	FALSE	175	クラシカルインストゥルメント	サンプルインストゥルメント
12	ULTIMATE	BRASS ENSEMBLE*	SYMPHONY ESSENTIALS BRASS ENSEMBLE	FALSE	178	クラシカルインストゥルメント	サンプルインストゥルメント
12	ULTIMATE	WOODWIND SOLO*	SYMPHONY ESSENTIALS WOODWIND SOLO	FALSE	180	クラシカルインストゥルメント	サンプルインストゥルメント
12	ULTIMATE	WOODWIND ENSEMBLE*	SYMPHONY ESSENTIALS WOODWIND ENSEMBLE	FALSE	179	クラシカルインストゥルメント	サンプルインストゥルメント
12	ULTIMATE	PERCUSSION*	SYMPHONY ESSENTIALS - PERCUSSION	FALSE	176	クラシカルインストゥルメント	サンプルインストゥルメント
12	ULTIMATE	THRILL*	THRILL	TRUE	193	シネマティック	サンプルインストゥルメント
12	ULTIMATE	KINETIC TOYS*	KINETIC TOYS	TRUE	74	シネマティック	サンプルインストゥルメント
12	ULTIMATE	SESSION STRINGS PRO 2*	SESSION STRINGS PRO 2	TRUE	157	コンテンポラリーストリング&ホーン	サンプルインストゥルメント
12	ULTIMATE	SESSION HORNS PRO	SESSION HORNS PRO	TRUE	155	コンテンポラリーストリング&ホーン	サンプルインストゥルメント
12	ULTIMATE	ACTION STRIKES	ACTION STRIKES	TRUE	8	シネマティック	サンプルインストゥルメント
12	ULTIMATE	ACTION STRINGS	ACTION STRINGS	TRUE	9	シネマティック	サンプルインストゥルメント
12	ULTIMATE	DAMAGE	DAMAGE	TRUE	38	シネマティック	サンプルインストゥルメント
12	ULTIMATE	EVOLVE	EVOLVE	TRUE	50	シネマティック	サンプルインストゥルメント
12	ULTIMATE	EVOLVE MUTATIONS	EVOLVE MUTATIONS	TRUE	51	シネマティック	サンプルインストゥルメント
12	ULTIMATE	EVOLVE MUTATIONS 2	EVOLVE MUTATIONS 2	TRUE	52	シネマティック	サンプルインストゥルメント
12	ULTIMATE	EMOTIVE STRINGS	EMOTIVE STRINGS	TRUE	47	シネマティック	サンプルインストゥルメント
12	ULTIMATE	KINETIC METAL	KINETIC METAL	TRUE	73	シネマティック	サンプルインストゥルメント
12	ULTIMATE	RISE & HIT	RISE & HIT	TRUE	134	シネマティック	サンプルインストゥルメント
12	ULTIMATE	ENHANCED EQ	ENHANCED EQ	TRUE	48	スタジオエフェクト	エフェクト
12	ULTIMATE	PASSIVE EQ	PASSIVE EQ	TRUE	112	スタジオエフェクト	エフェクト
12	ULTIMATE	SOLID BUS COMP	SOLID BUS COMP	TRUE	161	スタジオエフェクト	エフェクト
12	ULTIMATE	SOLID DYNAMICS	SOLID DYNAMICS	TRUE	162	スタジオエフェクト	エフェクト
12	ULTIMATE	SOLID EQ	SOLID EQ	TRUE	163	スタジオエフェクト	エフェクト
12	ULTIMATE	SUPERCHARGER GT	SUPERCHARGER GT	TRUE	174	スタジオエフェクト	エフェクト
12	ULTIMATE	TRANSIENT MASTER	TRANSIENT MASTER	TRUE	195	スタジオエフェクト	エフェクト
12	ULTIMATE	VARI COMP	VARI COMP	TRUE	200	スタジオエフェクト	エフェクト
12	ULTIMATE	VC 160	VC 160	TRUE	201	スタジオエフェクト	エフェクト
12	ULTIMATE	VC 2A	VC 2A	TRUE	202	スタジオエフェクト	エフェクト
12	ULTIMATE	VC 76	VC 76	TRUE	203	スタジオエフェクト	エフェクト
12	ULTIMATE	MOD PACK – PHASIS*	MOD PACK - PHASIS*	FALSE	100	クリエイティブエフェクト	エフェクト
12	ULTIMATE	MOD PACK – CHORAL*	MOD PACK - CHORAL*	FALSE	98	クリエイティブエフェクト	エフェクト
12	ULTIMATE	MOD PACK – FLAIR*	MOD PACK - FLAIR*	FALSE	99	クリエイティブエフェクト	エフェクト
12	ULTIMATE	CRUSH PACK – DIRT*	CRUSH PACK - DIRT*	FALSE	35	クリエイティブエフェクト	エフェクト
12	ULTIMATE	CRUSH PACK – BITE*	CRUSH PACK - BITE*	FALSE	34	クリエイティブエフェクト	エフェクト
12	ULTIMATE	CRUSH PACK – FREAK*	CRUSH PACK - FREAK*	FALSE	36	クリエイティブエフェクト	エフェクト
12	ULTIMATE	DRIVER	DRIVER	TRUE	43	クリエイティブエフェクト	エフェクト
12	ULTIMATE	GUITAR RIG 5 PRO	GUITAR RIG 5 PRO	TRUE	62	クリエイティブエフェクト	エフェクト
12	ULTIMATE	MOLEKULAR	MOLEKULAR	TRUE	103	クリエイティブエフェクト	エフェクト
12	ULTIMATE	RAMMFIRE	RAMMFIRE	TRUE	210	クリエイティブエフェクト	エフェクト
12	ULTIMATE	RC 24	RC 24	TRUE	125	クリエイティブエフェクト	エフェクト
12	ULTIMATE	RC 48	RC 48	TRUE	126	クリエイティブエフェクト	エフェクト
12	ULTIMATE	REFLEKTOR	REFLEKTOR	TRUE	213	クリエイティブエフェクト	エフェクト
12	ULTIMATE	REPLIKA XT	REPLIKA XT	TRUE	132	クリエイティブエフェクト	エフェクト
12	ULTIMATE	THE FINGER	THE FINGER	TRUE	187	クリエイティブエフェクト	エフェクト
12	ULTIMATE	THE MOUTH	THE MOUTH	TRUE	192	クリエイティブエフェクト	エフェクト
12	ULTIMATE	TRAKTOR’S 12	TRAKTOR'S 12	TRUE	212	クリエイティブエフェクト	エフェクト
12	ULTIMATE	ASTRAL FLUTTER	ASTRAL FLUTTER	TRUE	21	Expansions	EXPANSIONS
12	ULTIMATE	BYTE RIOT	BYTE RIOT	TRUE	27	Expansions	EXPANSIONS
12	ULTIMATE	CARIBBEAN CURRENT	CARIBBEAN CURRENT	TRUE	29	Expansions	EXPANSIONS
12	ULTIMATE	CAVERN FLOOR	CAVERN FLOOR	TRUE	30	Expansions	EXPANSIONS
12	ULTIMATE	DECODED FORMS	DECODED FORMS	TRUE	39	Expansions	EXPANSIONS
12	ULTIMATE	DEEP MATTER	DEEP MATTER	TRUE	40	Expansions	EXPANSIONS
12	ULTIMATE	DROP SQUAD	DROP SQUAD	TRUE	44	Expansions	EXPANSIONS
12	ULTIMATE	ELASTIC THUMP	ELASTIC THUMP	TRUE	46	Expansions	EXPANSIONS
12	ULTIMATE	GOLDEN KINGDOM	GOLDEN KINGDOM	TRUE	59	Expansions	EXPANSIONS
12	ULTIMATE	HALCYON SKY	HALCYON SKY	TRUE	64	Expansions	EXPANSIONS
12	ULTIMATE	LAZER DICE	LAZER DICE	TRUE	80	Expansions	EXPANSIONS
12	ULTIMATE	LONDON GRIT	LONDON GRIT	TRUE	84	Expansions	EXPANSIONS
12	ULTIMATE	LUCID MISSION	LUCID MISSION	TRUE	86	Expansions	EXPANSIONS
12	ULTIMATE	MARBLE RIMS	MARBLE RIMS	TRUE	90	Expansions	EXPANSIONS
12	ULTIMATE	MOLTEN VEIL	MOLTEN VEIL	TRUE	104	Expansions	EXPANSIONS
12	ULTIMATE	NEON DRIVE	NEON DRIVE	TRUE	108	Expansions	EXPANSIONS
12	ULTIMATE	PLATINUM BOUNCE	PLATINUM BOUNCE	TRUE	114	Expansions	EXPANSIONS
12	ULTIMATE	QUEENSBRIDGE STORY	QUEENSBRIDGE STORY	TRUE	121	Expansions	EXPANSIONS
12	ULTIMATE	SOLAR BREEZE	SOLAR BREEZE	TRUE	160	Expansions	EXPANSIONS
12	ULTIMATE	TRUE SCHOOL	TRUE SCHOOL	TRUE	198	Expansions	EXPANSIONS
12	ULTIMATE	VELVET LOUNGE	VELVET LOUNGE	TRUE	204	Expansions	EXPANSIONS
				TRUE			
12	ULTIMATE Collector's Edition	KONTAKT 6*	KONTAKT 6	TRUE	77		プラットフォーム
12	ULTIMATE Collector's Edition	REAKTOR 6	REAKTOR 6	TRUE	127		プラットフォーム
12	ULTIMATE Collector's Edition	ABSYNTH 5	ABSYNTH 5	TRUE	7		シンセサイザー
12	ULTIMATE Collector's Edition	ANALOG DREAMS*	ANALOG DREAMS	TRUE	13	Play Seriesインストゥルメント	サンプルインストゥルメント
12	ULTIMATE Collector's Edition	FM8	FM8	TRUE	55		シンセサイザー
12	ULTIMATE Collector's Edition	FORM	FORM	TRUE	56		シンセサイザー
12	ULTIMATE Collector's Edition	KONTOUR	KONTOUR	TRUE	79		シンセサイザー
12	ULTIMATE Collector's Edition	MASSIVE	MASSIVE	TRUE	92		シンセサイザー
12	ULTIMATE Collector's Edition	MASSIVE X*	MASSIVE X	TRUE	93		シンセサイザー
12	ULTIMATE Collector's Edition	MONARK	MONARK	TRUE	105		シンセサイザー
12	ULTIMATE Collector's Edition	RAZOR	RAZOR	TRUE	124		シンセサイザー
12	ULTIMATE Collector's Edition	REAKTOR PRISM	REAKTOR PRISM	TRUE	129		シンセサイザー
12	ULTIMATE Collector's Edition	REAKTOR SPARK	REAKTOR SPARK	TRUE	130		シンセサイザー
12	ULTIMATE Collector's Edition	RETRO MACHINES MK2	RETRO MACHINES MK2	TRUE	133		シンセサイザー
12	ULTIMATE Collector's Edition	ROUNDS	ROUNDS	TRUE	136		シンセサイザー
12	ULTIMATE Collector's Edition	SKANNER XT	SKANNER XT	TRUE	159		シンセサイザー
12	ULTIMATE Collector's Edition	TRK-01*	TRK-01	TRUE	197		シンセサイザー
12	ULTIMATE Collector's Edition	BATTERY 4	BATTERY 4	TRUE	24		クリエイティブサンプラー
12	ULTIMATE Collector's Edition	FLESH	FLESH	TRUE	54		クリエイティブサンプラー
12	ULTIMATE Collector's Edition	POLYPLEX	POLYPLEX	TRUE	116		クリエイティブサンプラー
12	ULTIMATE Collector's Edition	ABBEY ROAD VINTAGE DRUMMER	ABBEY ROAD VINTAGE DRUMMER	TRUE	6	ドラム＆パーカッション	サンプルインストゥルメント
12	ULTIMATE Collector's Edition	ABBEY ROAD 50S DRUMMER	ABBEY ROAD 50S DRUMMER	TRUE	1	ドラム＆パーカッション	サンプルインストゥルメント
12	ULTIMATE Collector's Edition	ABBEY ROAD 60S DRUMMER	ABBEY ROAD 60S DRUMMER	TRUE	2	ドラム＆パーカッション	サンプルインストゥルメント
12	ULTIMATE Collector's Edition	ABBEY ROAD 70S DRUMMER	ABBEY ROAD 70S DRUMMER	TRUE	3	ドラム＆パーカッション	サンプルインストゥルメント
12	ULTIMATE Collector's Edition	ABBEY ROAD 80S DRUMMER	ABBEY ROAD 80S DRUMMER	TRUE	4	ドラム＆パーカッション	サンプルインストゥルメント
12	ULTIMATE Collector's Edition	ABBEY ROAD MODERN DRUMMER	ABBEY ROAD MODERN DRUMMER	TRUE	5	ドラム＆パーカッション	サンプルインストゥルメント
12	ULTIMATE Collector's Edition	DRUMLAB	DRUMLAB	TRUE	45	ドラム＆パーカッション	サンプルインストゥルメント
12	ULTIMATE Collector's Edition	MASCHINE DRUM SELECTION	MASCHINE DRUM SELECTION	TRUE	91	ドラム＆パーカッション	サンプルインストゥルメント
12	ULTIMATE Collector's Edition	STUDIO DRUMMER	STUDIO DRUMMER	TRUE	171	ドラム＆パーカッション	サンプルインストゥルメント
12	ULTIMATE Collector's Edition	BALINESE GAMELAN	BALINESE GAMELAN	TRUE	22	ワールドインストゥルメント	サンプルインストゥルメント
12	ULTIMATE Collector's Edition	CUBA	CUBA	TRUE	37	ワールドインストゥルメント	サンプルインストゥルメント
12	ULTIMATE Collector's Edition	ETHEREAL EARTH*	ETHEREAL EARTH	TRUE	49	Play Seriesインストゥルメント	サンプルインストゥルメント
12	ULTIMATE Collector's Edition	INDIA	INDIA	TRUE	69	ワールドインストゥルメント	サンプルインストゥルメント
12	ULTIMATE Collector's Edition	MIDDLE EAST*	MIDDLE EAST	TRUE	96	ワールドインストゥルメント	サンプルインストゥルメント
12	ULTIMATE Collector's Edition	WEST AFRICA	WEST AFRICA	TRUE	208	ワールドインストゥルメント	サンプルインストゥルメント
12	ULTIMATE Collector's Edition	ALICIA’S KEYS	ALICIA'S KEYS	TRUE	10	アコースティックピアノ	サンプルインストゥルメント
12	ULTIMATE Collector's Edition	HYBRID KEYS*	HYBRID KEYS	TRUE	67	Play Seriesインストゥルメント	サンプルインストゥルメント
12	ULTIMATE Collector's Edition	THE GENTLEMAN	THE GENTLEMAN	TRUE	188	アコースティックピアノ	サンプルインストゥルメント
12	ULTIMATE Collector's Edition	THE GIANT	THE GIANT	TRUE	189	アコースティックピアノ	サンプルインストゥルメント
12	ULTIMATE Collector's Edition	THE GRANDEUR	THE GRANDEUR	TRUE	190	アコースティックピアノ	サンプルインストゥルメント
12	ULTIMATE Collector's Edition	THE MAVERICK	THE MAVERICK	TRUE	191	アコースティックピアノ	サンプルインストゥルメント
12	ULTIMATE Collector's Edition	UNA CORDA	UNA CORDA	TRUE	199	アコースティックピアノ	サンプルインストゥルメント
12	ULTIMATE Collector's Edition	GEORGE DUKE SOUL TREASURES	GEORGE DUKE SOUL TREASURES	TRUE	57	エレクトロニックピアノ&オルガン	サンプルインストゥルメント
12	ULTIMATE Collector's Edition	SCARBEE A-200	SCARBEE A-200	TRUE	218	エレクトロニックピアノ&オルガン	サンプルインストゥルメント
12	ULTIMATE Collector's Edition	SCARBEE CLAVINET/PIANET	SCARBEE CLAVINET/PIANET	TRUE	139	エレクトロニックピアノ&オルガン	サンプルインストゥルメント
12	ULTIMATE Collector's Edition	SCARBEE MARK I	SCARBEE MARK I	TRUE	142	エレクトロニックピアノ&オルガン	サンプルインストゥルメント
12	ULTIMATE Collector's Edition	VINTAGE ORGANS	VINTAGE ORGANS	TRUE	206	エレクトロニックピアノ&オルガン	サンプルインストゥルメント
12	ULTIMATE Collector's Edition	SCARBEE FUNK GUITARIST	SCARBEE FUNK GUITARIST	TRUE	140	アコースティック&エレクトリックギター	サンプルインストゥルメント
12	ULTIMATE Collector's Edition	SESSION GUITARIST — ELECTRIC SUNBURST*	SESSION GUITARIST - ELECTRIC SUNBURST	FALSE	149	アコースティック&エレクトリックギター	サンプルインストゥルメント
12	ULTIMATE Collector's Edition	SESSION GUITARIST — STRUMMED ACOUSTIC 2*	SESSION GUITARIST STRUMMED ACOUSTIC 2	FALSE	153	アコースティック&エレクトリックギター	サンプルインストゥルメント
12	ULTIMATE Collector's Edition	SCARBEE JAY-BASS	SCARBEE JAY-BASS	TRUE	141	エレクトリックベース	サンプルインストゥルメント
12	ULTIMATE Collector's Edition	SCARBEE MM-BASS	SCARBEE MM BASS	FALSE	143	エレクトリックベース	サンプルインストゥルメント
12	ULTIMATE Collector's Edition	SCARBEE MM-BASS AMPED	SCARBEE MM-BASS AMPED	TRUE	144	エレクトリックベース	サンプルインストゥルメント
12	ULTIMATE Collector's Edition	SCARBEE PRE-BASS	SCARBEE PRE-BASS	TRUE	145	エレクトリックベース	サンプルインストゥルメント
12	ULTIMATE Collector's Edition	SCARBEE PRE-BASS AMPED	SCARBEE PRE-BASS AMPED	TRUE	146	エレクトリックベース	サンプルインストゥルメント
12	ULTIMATE Collector's Edition	SCARBEE RICKENBACKER BASS*	SCARBEE RICKENBACKER BASS	TRUE	147	エレクトリックベース	サンプルインストゥルメント
12	ULTIMATE Collector's Edition	SESSION HORNS PRO	SESSION HORNS PRO	TRUE	155	コンテンポラリーストリング&ホーン	サンプルインストゥルメント
12	ULTIMATE Collector's Edition	SESSION STRINGS PRO 2*	SESSION STRINGS PRO 2	TRUE	157	コンテンポラリーストリング&ホーン	サンプルインストゥルメント
12	ULTIMATE Collector's Edition	SYMPHONY SERIES — BRASS ENSEMBLE*	SYMPHONY SERIES - BRASS ENSEMBLE	FALSE	181	クラシカルインストゥルメント	サンプルインストゥルメント
12	ULTIMATE Collector's Edition	SYMPHONY SERIES — BRASS SOLO*	SYMPHONY SERIES - BRASS SOLO	FALSE	182	クラシカルインストゥルメント	サンプルインストゥルメント
12	ULTIMATE Collector's Edition	SYMPHONY SERIES — PERCUSSION*	SYMPHONY SERIES - PERCUSSION	FALSE	184	クラシカルインストゥルメント	サンプルインストゥルメント
12	ULTIMATE Collector's Edition	SYMPHONY SERIES — STRING ENSEMBLE*	SYMPHONY SERIES - STRING ENSEMBLE	FALSE	183	クラシカルインストゥルメント	サンプルインストゥルメント
12	ULTIMATE Collector's Edition	SYMPHONY SERIES — WOODWIND ENSEMBLE*	SYMPHONY SERIES - WOODWIND ENSEMBLE	FALSE	185	クラシカルインストゥルメント	サンプルインストゥルメント
12	ULTIMATE Collector's Edition	SYMPHONY SERIES — WOODWIND SOLO*	SYMPHONY SERIES - WOODWIND SOLO	FALSE	186	クラシカルインストゥルメント	サンプルインストゥルメント
12	ULTIMATE Collector's Edition	ACTION STRIKES	ACTION STRIKES	TRUE	8	シネマティック	サンプルインストゥルメント
12	ULTIMATE Collector's Edition	ACTION STRINGS	ACTION STRINGS	TRUE	9	シネマティック	サンプルインストゥルメント
12	ULTIMATE Collector's Edition	DAMAGE	DAMAGE	TRUE	38	シネマティック	サンプルインストゥルメント
12	ULTIMATE Collector's Edition	EMOTIVE STRINGS	EMOTIVE STRINGS	TRUE	47	シネマティック	サンプルインストゥルメント
12	ULTIMATE Collector's Edition	EVOLVE	EVOLVE	TRUE	50	シネマティック	サンプルインストゥルメント
12	ULTIMATE Collector's Edition	EVOLVE MUTATIONS	EVOLVE MUTATIONS	TRUE	51	シネマティック	サンプルインストゥルメント
12	ULTIMATE Collector's Edition	EVOLVE MUTATIONS 2	EVOLVE MUTATIONS 2	TRUE	52	シネマティック	サンプルインストゥルメント
12	ULTIMATE Collector's Edition	KINETIC METAL	KINETIC METAL	TRUE	73	シネマティック	サンプルインストゥルメント
12	ULTIMATE Collector's Edition	KINETIC TOYS*	KINETIC TOYS	TRUE	74	シネマティック	サンプルインストゥルメント
12	ULTIMATE Collector's Edition	RISE & HIT	RISE & HIT	TRUE	134	シネマティック	サンプルインストゥルメント
12	ULTIMATE Collector's Edition	THRILL*	THRILL	TRUE	193	シネマティック	サンプルインストゥルメント
12	ULTIMATE Collector's Edition	ENHANCED EQ	ENHANCED EQ	TRUE	48	スタジオエフェクト	エフェクト
12	ULTIMATE Collector's Edition	PASSIVE EQ	PASSIVE EQ	TRUE	112	スタジオエフェクト	エフェクト
12	ULTIMATE Collector's Edition	SOLID BUS COMP	SOLID BUS COMP	TRUE	161	スタジオエフェクト	エフェクト
12	ULTIMATE Collector's Edition	SOLID DYNAMICS	SOLID DYNAMICS	TRUE	162	スタジオエフェクト	エフェクト
12	ULTIMATE Collector's Edition	SOLID EQ	SOLID EQ	TRUE	163	スタジオエフェクト	エフェクト
12	ULTIMATE Collector's Edition	SUPERCHARGER GT	SUPERCHARGER GT	TRUE	174	スタジオエフェクト	エフェクト
12	ULTIMATE Collector's Edition	TRANSIENT MASTER	TRANSIENT MASTER	TRUE	195	スタジオエフェクト	エフェクト
12	ULTIMATE Collector's Edition	VARI COMP	VARI COMP	TRUE	200	スタジオエフェクト	エフェクト
12	ULTIMATE Collector's Edition	VC 160	VC 160	TRUE	201	スタジオエフェクト	エフェクト
12	ULTIMATE Collector's Edition	VC 2A	VC 2A	TRUE	202	スタジオエフェクト	エフェクト
12	ULTIMATE Collector's Edition	VC 76	VC 76	TRUE	203	スタジオエフェクト	エフェクト
12	ULTIMATE Collector's Edition	DRIVER	DRIVER	TRUE	43	クリエイティブエフェクト	エフェクト
12	ULTIMATE Collector's Edition	GUITAR RIG 5 PRO	GUITAR RIG 5 PRO	TRUE	62	クリエイティブエフェクト	エフェクト
12	ULTIMATE Collector's Edition	MOD PACK — PHASIS*	MOD PACK - PHASIS	FALSE	100	クリエイティブエフェクト	エフェクト
12	ULTIMATE Collector's Edition	MOD PACK — CHORAL*	MOD PACK - CHORAL	FALSE	98	クリエイティブエフェクト	エフェクト
12	ULTIMATE Collector's Edition	MOD PACK — FLAIR*	MOD PACK - FLAIR	FALSE	99	クリエイティブエフェクト	エフェクト
12	ULTIMATE Collector's Edition	MOD PACK — DIRT*	MOD PACK - DIRT	FALSE	227	クリエイティブエフェクト	エフェクト
12	ULTIMATE Collector's Edition	MOD PACK — BITE*	MOD PACK - BITE	FALSE	228	クリエイティブエフェクト	エフェクト
12	ULTIMATE Collector's Edition	MOD PACK — FREAK*	MOD PACK - FREAK	FALSE	229	クリエイティブエフェクト	エフェクト
12	ULTIMATE Collector's Edition	MOLEKULAR	MOLEKULAR	TRUE	103	クリエイティブエフェクト	エフェクト
12	ULTIMATE Collector's Edition	RAMMFIRE	RAMMFIRE	TRUE	210	クリエイティブエフェクト	エフェクト
12	ULTIMATE Collector's Edition	RC 48	RC 48	TRUE	126	クリエイティブエフェクト	エフェクト
12	ULTIMATE Collector's Edition	RC 24	RC 24	TRUE	125	クリエイティブエフェクト	エフェクト
12	ULTIMATE Collector's Edition	REFLEKTOR	REFLEKTOR	TRUE	213	クリエイティブエフェクト	エフェクト
12	ULTIMATE Collector's Edition	REPLIKA XT	REPLIKA XT	TRUE	132	クリエイティブエフェクト	エフェクト
12	ULTIMATE Collector's Edition	THE FINGER	THE FINGER	TRUE	187	クリエイティブエフェクト	エフェクト
12	ULTIMATE Collector's Edition	THE MOUTH	THE MOUTH	TRUE	192	クリエイティブエフェクト	エフェクト
12	ULTIMATE Collector's Edition	TRAKTOR'S 12	TRAKTOR'S 12	TRUE	212	クリエイティブエフェクト	エフェクト
12	ULTIMATE Collector's Edition	AMPLIFIED FUNK	AMPLIFIED FUNK	TRUE	12	Expansions	EXPANSIONS
12	ULTIMATE Collector's Edition	ARCANE ATTIC	ARCANE ATTIC	TRUE	16	Expansions	EXPANSIONS
12	ULTIMATE Collector's Edition	ASTRAL FLUTTER	ASTRAL FLUTTER	TRUE	21	Expansions	EXPANSIONS
12	ULTIMATE Collector's Edition	BYTE RIOT	BYTE RIOT	TRUE	27	Expansions	EXPANSIONS
12	ULTIMATE Collector's Edition	CARBON DECAY	CARBON DECAY	TRUE	28	Expansions	EXPANSIONS
12	ULTIMATE Collector's Edition	CARIBBEAN CURRENT	CARIBBEAN CURRENT	TRUE	29	Expansions	EXPANSIONS
12	ULTIMATE Collector's Edition	CAVERN FLOOR	CAVERN FLOOR	TRUE	30	Expansions	EXPANSIONS
12	ULTIMATE Collector's Edition	CIRCUIT HAO	CIRCUIT HALO	FALSE	31	Expansions	EXPANSIONS
12	ULTIMATE Collector's Edition	CONANT GARDENS	CONANT GARDENS	TRUE	33	Expansions	EXPANSIONS
12	ULTIMATE Collector's Edition	DECODED FORMS	DECODED FORMS	TRUE	39	Expansions	EXPANSIONS
12	ULTIMATE Collector's Edition	DEEP MATTER	DEEP MATTER	TRUE	40	Expansions	EXPANSIONS
12	ULTIMATE Collector's Edition	DROP SQUAD	DROP SQUAD	TRUE	44	Expansions	EXPANSIONS
12	ULTIMATE Collector's Edition	ELASTIC THUMP	ELASTIC THUMP	TRUE	46	Expansions	EXPANSIONS
12	ULTIMATE Collector's Edition	GLOBAL SHAKE	GLOBAL SHAKE	TRUE	58	Expansions	EXPANSIONS
12	ULTIMATE Collector's Edition	GOLDEN KINGDOM	GOLDEN KINGDOM	TRUE	59	Expansions	EXPANSIONS
12	ULTIMATE Collector's Edition	GREY FORGE	GREY FORGE	TRUE	60	Expansions	EXPANSIONS
12	ULTIMATE Collector's Edition	HALCYON SKY	HALCYON SKY	TRUE	64	Expansions	EXPANSIONS
12	ULTIMATE Collector's Edition	HEADLAND FLOW	HEADLAND FLOW	TRUE	65	Expansions	EXPANSIONS
12	ULTIMATE Collector's Edition	HEXAGON HIGHWAY	HEXAGON HIGHWAY	TRUE	66	Expansions	EXPANSIONS
12	ULTIMATE Collector's Edition	LAZER DICE	LAZER DICE	TRUE	80	Expansions	EXPANSIONS
12	ULTIMATE Collector's Edition	LILAC GLARE	LILAC GLARE	TRUE	81	Expansions	EXPANSIONS
12	ULTIMATE Collector's Edition	LONDON GRIT	LONDON GRIT	TRUE	84	Expansions	EXPANSIONS
12	ULTIMATE Collector's Edition	LONE FOREST	LONE FOREST	TRUE	85	Expansions	EXPANSIONS
12	ULTIMATE Collector's Edition	LUCID MISSION	LUCID MISSION	TRUE	86	Expansions	EXPANSIONS
12	ULTIMATE Collector's Edition	MAGNATE HUSTLE	MAGNATE HUSTLE	TRUE	87	Expansions	EXPANSIONS
12	ULTIMATE Collector's Edition	MARBLE RIMS	MARBLE RIMS	TRUE	90	Expansions	EXPANSIONS
12	ULTIMATE Collector's Edition	METEORIC RISE	METEORIC RISE	TRUE	95	Expansions	EXPANSIONS
12	ULTIMATE Collector's Edition	MOLTEN VEIL	MOLTEN VEIL	TRUE	104	Expansions	EXPANSIONS
12	ULTIMATE Collector's Edition	MOTOR IMPACT	MOTOR IMPACT	TRUE	106	Expansions	EXPANSIONS
12	ULTIMATE Collector's Edition	NEON DRIVE	NEON DRIVE	TRUE	108	Expansions	EXPANSIONS
12	ULTIMATE Collector's Edition	PLATINUM BOUNCE	PLATINUM BOUNCE	TRUE	114	Expansions	EXPANSIONS
12	ULTIMATE Collector's Edition	PRISMATIC BLISS	PRISMATIC BLISS	TRUE	117	Expansions	EXPANSIONS
12	ULTIMATE Collector's Edition	PULSWERK	PULSWERK	TRUE	119	Expansions	EXPANSIONS
12	ULTIMATE Collector's Edition	QUEENSBRIDGE STORY	QUEENSBRIDGE STORY	TRUE	121	Expansions	EXPANSIONS
12	ULTIMATE Collector's Edition	RAW VOLTAGE	RAW VOLTAGE	TRUE	123	Expansions	EXPANSIONS
12	ULTIMATE Collector's Edition	RISING CRESCENT	RISING CRESCENT	TRUE	135	Expansions	EXPANSIONS
12	ULTIMATE Collector's Edition	SIERRA GROVE	SIERRA GROVE	TRUE	158	Expansions	EXPANSIONS
12	ULTIMATE Collector's Edition	SOLAR BREEZE	SOLAR BREEZE	TRUE	160	Expansions	EXPANSIONS
12	ULTIMATE Collector's Edition	STATIC FRICTION	STATIC FRICTION	TRUE	166	Expansions	EXPANSIONS
12	ULTIMATE Collector's Edition	STREET SWARM	STREET SWARM	TRUE	170	Expansions	EXPANSIONS
12	ULTIMATE Collector's Edition	TIMELESS GLOW	TIMELESS GLOW	TRUE	194	Expansions	EXPANSIONS
12	ULTIMATE Collector's Edition	TRANSISTOR PUNCH	TRANSISTOR PUNCH	TRUE	196	Expansions	EXPANSIONS
12	ULTIMATE Collector's Edition	TRUE SCHOOL	TRUE SCHOOL	TRUE	198	Expansions	EXPANSIONS
12	ULTIMATE Collector's Edition	VELVET LOUNGE	VELVET LOUNGE	TRUE	204	Expansions	EXPANSIONS
12	ULTIMATE Collector's Edition	VINTAGE HEAT	VINTAGE HEAT	TRUE	205	Expansions	EXPANSIONS
12	ULTIMATE Collector's Edition	INFAMOUS FLOW	INFAMOUS FLOW	TRUE	71	Expansions	EXPANSIONS
12	ULTIMATE Collector's Edition	MIDNIGHT SUNSET	MIDNIGHT SUNSET	TRUE	97	Expansions	EXPANSIONS
12	ULTIMATE Collector's Edition	NOCTURNAL STATE	NOCTURNAL STATE	TRUE	109	MASSIVE Expansions	EXPANSIONS
12	ULTIMATE Collector's Edition	POLAR FLARE	POLAR FLARE	TRUE	115	Expansions	EXPANSIONS
12	ULTIMATE Collector's Edition	STADIUM FLEX	STADIUM FLEX	TRUE	165	MASSIVE Expansions	EXPANSIONS